Type,Name,Request Count,Failure Count,Median Response Time,Average Response Time,Min Response Time,Max Response Time,Average Content Size,Requests/s,Failures/s,50%,66%,75%,80%,90%,95%,98%,99%,99.9%,99.99%,100%
GET,/Categorias,76010,4736,68,2245.866231228847,0.3225999535061419,26198.299399984535,115.34232337850283,92.7387041062755,5.778325255194327,68,3900,5400,5500,5800,6400,7800,8800,21000,21000,26000
GET,/Mesas,18700,1188,68,2235.878261908839,0.32320001628249884,34216.617099998984,1514.9131016042782,22.815600141920168,1.4494616560749283,68,3700,5400,5500,5800,6400,7800,8900,21000,26000,34000
GET,/Pedidos/5925,56989,3684,64,2225.4134165839473,0.332099967636168,22235.213299980387,336.72814051834564,69.53145649667853,4.4947952365151815,64,3600,5400,5500,5800,6400,7600,8800,21000,21000,22000
GET,/Productos,75994,1224,12,309.0296339158064,0.5251999828033149,21093.234800035134,737.9200989551807,92.71918273717012,1.4933847365620472,12,15,21,29,100,1100,5700,6200,12000,21000,21000
PUT,Abrir Mesa,75984,1341,18,66.83487527745993,0.6330000469461083,12739.316699968185,162.42426037060434,92.70698188147925,1.6361347481451842,18,23,28,35,72,170,980,1200,2500,5600,13000
POST,Agregar Item,186557,6762,17,96.64115201997505,0.4023000365123153,21051.69069999829,104.23739125307547,227.6155035120963,8.25021861816386,17,22,27,32,58,110,910,1600,6500,13000,21000
PUT,Cerrar Mesa,74601,2156,17,127.25418977086649,0.6166999810375273,21051.152600033674,58.530368225627,91.01960353943242,2.630504486950796,17,21,26,31,61,150,1100,5400,7000,13000,21000
,Aggregated,564835,21091,17,700.0778161808049,0.3225999535061419,34216.617099998984,262.9398479201891,689.1470324150523,25.73282473760632,17,25,43,73,4200,5600,6200,6700,13000,21000,34000
