Type,Name,Request Count,Failure Count,Median Response Time,Average Response Time,Min Response Time,Max Response Time,Average Content Size,Requests/s,Failures/s,50%,66%,75%,80%,90%,95%,98%,99%,99.9%,99.99%,100%
GET,/Categorias,14161,0,8,14.523460038126034,2.7374999917810783,1217.8844000009121,123.0,19.436471402866324,0.0,8,10,13,16,35,50,63,72,210,1200,1200
GET,/Mesas,3553,0,9,15.377823754539012,3.6567999923136085,1204.9663000070723,989.6569096538137,4.876617674908838,0.0,9,11,13,17,35,50,61,74,230,1200,1200
GET,/Pedidos/5925,10900,0,9,15.375284733833615,3.6416000075405464,1207.8638999955729,360.0,14.960634015340933,0.0,9,11,14,17,37,51,66,75,190,1200,1200
GET,/Productos,14161,0,9,14.626686886445558,3.7368000048445538,241.73599999630824,754.0,19.436471402866324,0.0,9,11,13,17,36,50,62,70,150,240,240
PUT,Abrir Mesa,14161,0,13,19.128447828574494,6.966500004637055,218.41329999733716,165.34729185791963,19.436471402866324,0.0,13,15,18,21,42,58,70,80,180,220,220
POST,Agregar Item,35330,126,12,18.07444165583425,5.956499997409992,243.44839999685064,104.81262383243703,48.49166970293533,0.17293943907641812,12,14,17,20,42,57,69,76,160,230,240
PUT,Cerrar Mesa,14161,11,12,18.209202662316958,6.25380000565201,234.46780000813305,60.22293623331686,19.436471402866324,0.015097887538417456,12,14,17,20,42,57,68,76,160,230,230
,Aggregated,106427,137,11,16.934910636395077,2.7374999917810783,1217.8844000009121,251.40967987446794,146.0748070046504,0.18803732661483558,11,13,16,19,39,55,67,76,170,370,1200
