Type,Name,Request Count,Failure Count,Median Response Time,Average Response Time,Min Response Time,Max Response Time,Average Content Size,Requests/s,Failures/s,50%,66%,75%,80%,90%,95%,98%,99%,99.9%,99.99%,100%
GET,/Categorias,28663,1961,10,11.292354561809931,0.31259999377653,298.8757000421174,114.59711125841677,38.79631333669864,2.6542780048587384,10,12,14,15,19,23,31,42,130,160,300
GET,/Mesas,7198,494,10,11.602397693788387,0.3098000306636095,158.65019999910146,1189.3621839399834,9.742729770001633,0.6686452495666583,10,13,14,16,20,24,30,38,100,160,160
GET,/Pedidos/5925,21353,1346,11,12.289822966412801,0.3190000425092876,164.6078000194393,337.30716995269984,28.901987882584724,1.821855275135065,11,13,15,16,20,25,34,46,130,160,160
GET,/Productos,28662,0,9,10.17087500854346,3.092600032687187,163.28770003747195,750.0,38.79495980380478,0.0,9,10,12,13,17,21,27,33,130,160,160
PUT,Abrir Mesa,28662,0,13,17.230498566286688,4.974899988155812,1053.6444000317715,165.33814807061614,38.79495980380478,0.0,13,17,20,22,31,40,52,62,160,1000,1100
POST,Agregar Item,71361,737,12,14.277238977977019,4.079300037119538,1020.8558000158519,104.97797116071804,96.5894608387172,0.9975537427745489,12,15,17,18,23,29,38,47,140,170,1000
PUT,Cerrar Mesa,28660,184,11,13.578784842894605,4.622999986167997,1028.037200041581,59.88220516399163,38.792252738017055,0.2490500524701723,11,14,15,17,21,25,33,42,150,1000,1000
,Aggregated,214559,4722,11,13.343628563301555,0.3098000306636095,1053.6444000317715,253.9684888538817,290.4126641736288,6.391382324805183,11,14,16,17,22,28,38,48,140,180,1100
