Type,Name,Request Count,Failure Count,Median Response Time,Average Response Time,Min Response Time,Max Response Time,Average Content Size,Requests/s,Failures/s,50%,66%,75%,80%,90%,95%,98%,99%,99.9%,99.99%,100%
GET,/Categorias,128,11,10,15.315651563241772,1.410199998645112,205.64030000241473,112.4296875,1.997559682514795,0.17166528521611518,11,13,15,17,25,33,45,200,210,210,210
GET,/Mesas,34,0,11,47.795482353916775,4.408600012538955,1214.6045999834314,725.2647058823529,0.5306017906679924,0.0,12,14,16,18,24,47,1200,1200,1200,1200,1200
GET,/Pedidos/296,100,3,11,26.456817996222526,0.5424999981187284,1218.9624000166077,342.41,1.5605935019646835,0.0468178050589405,12,15,18,21,32,39,59,1200,1200,1200,1200
GET,/Productos,128,0,8,11.325388280283732,4.294999991543591,57.06399999326095,750.0,1.997559682514795,0.0,8,10,11,12,22,30,53,56,57,57,57
PUT,Abrir Mesa,128,0,10,16.45104765657379,6.697000004351139,176.85739998705685,162.1875,1.997559682514795,0.0,10,11,13,14,21,29,170,180,180,180,180
POST,Agregar Item,344,1,9,10.977290698149794,5.6748999923001975,64.55640000058338,97.92151162790698,5.368441646758511,0.015605935019646836,9,10,11,12,15,25,40,57,65,65,65
PUT,Cerrar Mesa,128,0,9,10.825283592794221,6.301899993559346,36.10080000362359,57.203125,1.997559682514795,0.0,9,10,11,12,17,23,34,35,36,36,36
,Aggregated,990,15,9,15.099333030009417,0.5424999981187284,1218.9624000166077,233.3919191919192,15.449875669450368,0.23408902529470252,9,11,13,14,21,32,43,64,1200,1200,1200
