Type,Name,Request Count,Failure Count,Median Response Time,Average Response Time,Min Response Time,Max Response Time,Average Content Size,Requests/s,Failures/s,50%,66%,75%,80%,90%,95%,98%,99%,99.9%,99.99%,100%
GET,/Categorias,83816,5917,160.0,1299.6412660589692,0.3355999942868948,5630.324600031599,114.32098883268111,103.53958512667374,7.309388722851587,160,1000,1800,3100,4900,5000,5100,5200,5400,5500,5600
GET,/Mesas,20761,1457,140.0,1302.8375149844314,0.3318000235594809,5565.918999956921,1667.253745002649,25.64647951244242,1.7998613096492753,140,1000,1800,3200,4900,5000,5100,5200,5400,5500,5600
GET,/Pedidos/5925,63324,4606,170.0,1309.0239496147144,0.3326000296510756,5632.720800000243,333.81466742467313,78.2254067070904,5.689884140181579,170,1000,1800,3200,4900,5000,5100,5200,5400,5500,5600
GET,/Productos,83789,3517,24,221.13028872519985,0.6475999834947288,5564.641200006008,718.5191373569323,103.50623148538305,4.344620608123885,24,42,60,78,450,910,4300,4900,5200,5600,5600
PUT,Abrir Mesa,83786,3659,31,129.47459038979127,0.7775999838486314,6020.955600019079,158.12222805719333,103.50252552523965,4.520036054911941,31,54,74,91,280,800,1000,1300,4300,5600,6000
POST,Agregar Item,199860,14219,29,127.63675123493758,0.626100052613765,5576.131299952976,102.93259281497048,246.8910647539493,17.565015759713827,29,46,60,71,130,490,1100,2800,5200,5500,5600
PUT,Cerrar Mesa,80082,4596,27,154.56215788071586,0.4019000334665179,5959.3333000084385,56.81286681151819,98.92690006817656,5.677530939703548,27,46,61,73,150,640,1500,4800,5200,5500,6000
,Aggregated,615418,37971,33,464.9443893607334,0.3318000235594809,6020.955600019079,266.33684422620075,760.2381931789552,46.90633753513564,33,61,100,200,1200,4400,5000,5100,5300,5500,6000
