Type,Name,Request Count,Failure Count,Median Response Time,Average Response Time,Min Response Time,Max Response Time,Average Content Size,Requests/s,Failures/s,50%,66%,75%,80%,90%,95%,98%,99%,99.9%,99.99%,100%
GET,/Categorias,76435,4828,58,1269.0720144841775,0.31990002025850117,4741.511400003219,115.2353241316151,95.60901169905227,6.039122240897814,58,1100,3100,3700,4100,4300,4500,4600,4700,4700,4700
GET,/Mesas,19033,1233,54,1254.5126742445927,0.3012999950442463,4777.2642000054475,1540.151421215783,23.807500747930423,1.542302759533348,54,1100,3000,3600,4100,4300,4500,4600,4700,4700,4800
GET,/Pedidos/5925,57317,3497,60,1281.5557068810513,0.3161999920848757,4778.4779999929015,338.0358357904287,71.69518837645815,4.3742358070463245,60,1200,3200,3700,4100,4300,4500,4500,4700,4700,4800
GET,/Productos,76421,1735,12,183.65142004807709,0.8820999937597662,4704.1004000057,732.972612240091,95.59149974557825,2.1702313769589283,12,17,27,38,130,690,3800,4100,4500,4700,4700
PUT,Abrir Mesa,76421,1952,18,65.2026249002515,0.6201000069268048,6138.3231000218075,161.11678727051464,95.59149974557825,2.441666655806241,18,24,35,46,94,370,680,840,2000,4300,6100
POST,Agregar Item,185863,8844,18,76.7291128104946,0.44669999624602497,4748.040000005858,103.01723312332201,232.48744346727221,11.062551180302457,18,24,32,41,72,160,650,1100,4500,4700,4700
PUT,Cerrar Mesa,74442,2847,17,96.90049899380017,0.6593999860342592,5135.937699989881,57.96581231025496,93.11606003664355,3.561180824323959,17,23,31,40,78,230,860,3400,4600,4700,5100
,Aggregated,565932,24936,18,414.93648109081755,0.3012999950442463,6138.3231000218075,263.78841097517017,707.8982038185131,31.191290844869073,18,30,53,87,1300,3800,4200,4400,4600,4700,6100
