Type,Name,Request Count,Failure Count,Median Response Time,Average Response Time,Min Response Time,Max Response Time,Average Content Size,Requests/s,Failures/s,50%,66%,75%,80%,90%,95%,98%,99%,99.9%,99.99%,100%
GET,/Categorias,14277,0,6,8.295583974228377,2.3610999996890314,1215.7320999995136,123.0,19.60637212364846,0.0,6,7,8,9,14,19,25,33,130,1200,1200
GET,/Mesas,3543,0,6,9.544616229185161,2.7555000015127007,1217.4240999993344,1136.85266723116,4.865544332428835,0.0,6,7,9,10,15,20,25,34,220,1200,1200
GET,/Pedidos/5925,10694,0,6,8.853078212089263,2.7486999988468597,1240.587799999048,360.0,14.685896441149863,0.0,6,8,9,10,15,20,26,33,130,1200,1200
GET,/Productos,14277,0,6,8.25940813897458,2.6796999991347548,134.01340000018536,754.0,19.60637212364846,0.0,6,8,9,10,14,19,24,30,78,130,130
PUT,Abrir Mesa,14277,0,10,12.398498837292992,5.476600001202314,176.52539999835426,165.34608110947678,19.60637212364846,0.0,10,12,13,14,19,24,31,36,170,180,180
POST,Agregar Item,35663,182,9,11.058256386167525,4.726699999082484,144.9664000010671,104.87359448167568,48.9754184384447,0.24993764281739997,9,10,11,12,18,24,30,35,120,140,140
PUT,Cerrar Mesa,14276,30,9,11.140296371530196,5.020000000513392,141.14659999904688,60.146469599327546,19.604998839896712,0.04119851255231868,9,10,11,13,18,23,29,33,120,140,140
,Aggregated,107007,212,8,10.235497233827457,2.3610999996890314,1240.587799999048,255.6659097068416,146.95097442286547,0.29113615536971865,8,10,11,12,17,22,28,34,130,230,1200
