Type,Name,Request Count,Failure Count,Median Response Time,Average Response Time,Min Response Time,Max Response Time,Average Content Size,Requests/s,Failures/s,50%,66%,75%,80%,90%,95%,98%,99%,99.9%,99.99%,100%
GET,/Categorias,43430,4,6,9.088222613400351,2.0814000017708167,2365.7633000038913,122.99944738659913,58.107956677813604,0.005351872592937012,6,7,7,8,11,16,23,31,550,2400,2400
GET,/Mesas,10703,0,6,9.210383425217488,2.4784999986877665,2556.323800003156,1415.6931701392134,14.320273090551208,0.0,6,7,8,9,11,16,24,32,230,2400,2600
GET,/Pedidos/5925,32711,1,6,10.212745480118905,2.5859000015771016,2376.252800000657,359.9889945278347,43.76627609689064,0.001337968148234253,6,7,8,9,12,16,25,33,1100,2400,2400
GET,/Productos,43430,0,6,7.928584361044901,2.5378999998793006,2351.9117000032566,754.0,58.107956677813604,0.0,6,8,9,9,12,16,23,30,51,130,2400
PUT,Abrir Mesa,43430,0,10,11.858119062873177,5.474799996591173,2607.7450000011595,166.33492977204696,58.107956677813604,0.0,10,11,12,13,16,21,30,36,63,2300,2600
POST,Agregar Item,108209,1167,10,11.403665948315904,4.733200003101956,2369.339200005925,106.01722592390651,144.78019535228026,1.561408828989373,10,11,12,13,16,20,28,35,61,150,2400
PUT,Cerrar Mesa,43430,220,10,11.866485044888922,4.918700004054699,3346.5677999993204,60.959751323969606,58.107956677813604,0.29435299261153564,10,11,12,13,16,21,29,35,66,2400,3300
,Aggregated,325343,1392,9,10.561243435702984,2.0814000017708167,3346.5677999993204,265.44070719210185,435.2985712509765,1.86245166234208,9,10,11,12,15,19,27,34,68,2400,3300
