Type,Name,Request Count,Failure Count,Median Response Time,Average Response Time,Min Response Time,Max Response Time,Average Content Size,Requests/s,Failures/s,50%,66%,75%,80%,90%,95%,98%,99%,99.9%,99.99%,100%
GET,/Categorias,14349,5,5,6.36480192347556,2.1962999962852336,142.8410000007716,122.99790926196947,19.687616730733016,0.0068602748382232265,5,6,7,7,10,12,15,18,93,140,140
GET,/Mesas,3616,1,6,6.908681028677262,2.671900001587346,141.29169999796432,1241.9629424778761,4.961350763003037,0.0013720549676446453,6,7,7,8,10,13,16,19,100,140,140
GET,/Pedidos/5925,10762,0,6,7.102660992427137,2.885399997467175,249.06029999692691,360.0,14.766055561791672,0.0,6,7,8,8,11,13,17,19,100,140,250
GET,/Productos,14349,0,6,7.009741696272959,2.8010000023641624,142.63719999871682,754.0,19.687616730733016,0.0,6,7,8,8,10,13,16,18,26,140,140
PUT,Abrir Mesa,14349,0,10,10.859532963949558,5.5595000012544915,148.76460000232328,166.34127813784932,19.687616730733016,0.0,10,11,12,12,14,17,21,25,88,150,150
POST,Agregar Item,35868,283,9,9.43440763631174,4.3327999956090935,246.67340000451077,105.93013270882123,49.212867579478136,0.3882915558434346,9,9,10,11,13,16,19,23,34,150,250
PUT,Cerrar Mesa,14349,63,8,9.401460631416738,4.847700001846533,238.3230999985244,61.002090738030525,19.687616730733016,0.08643946296161265,8,9,10,11,13,15,20,23,35,150,240
,Aggregated,107642,352,8,8.569613020931532,2.1962999962852336,249.06029999692691,260.223267869419,147.6907408272049,0.4829633486109151,8,9,10,10,12,15,18,22,64,150,250
