Type,Name,Request Count,Failure Count,Median Response Time,Average Response Time,Min Response Time,Max Response Time,Average Content Size,Requests/s,Failures/s,50%,66%,75%,80%,90%,95%,98%,99%,99.9%,99.99%,100%
GET,/Categorias,48835,2111,12,32.92547580618226,0.3423000453040004,4155.31440009363,117.81961707791542,57.316250596783355,2.4776206616117467,12,16,20,23,37,76,230,490,1900,3000,4200
GET,/Mesas,12233,506,13,33.954039361025416,0.3584000514820218,3996.7415999853984,1382.5275893076105,14.357524184508053,0.5938778089888886,13,17,21,24,38,80,240,470,1900,3200,4000
GET,/Pedidos/5925,36773,1563,13,36.86291112501784,0.3458000719547272,4334.611800033599,344.6985560057651,43.159424248909886,1.8344486471336618,13,17,21,25,39,83,260,570,2200,3200,4300
GET,/Productos,48833,328,10,21.069989560342158,0.7978000212460756,4403.558299993165,745.1049495218398,57.31390325366482,0.3849642714394377,10,13,16,18,24,35,98,210,1600,2500,4400
PUT,Abrir Mesa,48830,402,16,44.85548376604002,0.561299966648221,11084.657500032336,162.98154822854804,57.31038223898702,0.47181596682516447,16,21,25,29,41,57,160,850,3600,7400,11000
POST,Agregar Item,121010,2552,15,28.667042485798124,0.9328000014647841,5746.600100072101,102.93820345425998,142.02599538684865,2.995209819248308,15,19,22,25,33,45,82,190,2300,3900,5700
PUT,Cerrar Mesa,48418,742,14,30.59495269983639,1.2075999984517694,8689.392700092867,58.36133256227023,56.82682955656919,0.8708642969758011,14,17,20,22,29,41,83,220,2900,5400,8700
,Aggregated,364932,8204,14,31.64530517691432,0.3423000453040004,11084.657500032336,260.2352520469567,428.31030946627095,9.628801472223008,14,18,21,24,34,50,140,340,2400,4300,11000
