Type,Name,Request Count,Failure Count,Median Response Time,Average Response Time,Min Response Time,Max Response Time,Average Content Size,Requests/s,Failures/s,50%,66%,75%,80%,90%,95%,98%,99%,99.9%,99.99%,100%
GET,/Categorias,103692,2,6,8.763666717774283,2.354699987336062,301.7029999900842,122.99988427265363,131.45007465371145,0.0025353947200114075,6,8,9,9,12,16,32,68,180,280,300
GET,/Mesas,26115,1,7,9.384690775430819,2.82909999077674,293.55560000112746,1537.3470036377562,33.105916556548955,0.0012676973600057038,7,8,9,10,13,17,34,73,180,280,290
GET,/Pedidos/5925,77798,3,7,9.4067864790493,2.8824000037275255,307.7454000012949,359.98611789506157,98.62431921372375,0.0038030920800171115,7,8,9,10,13,17,32,63,180,270,310
GET,/Productos,103690,0,7,9.915231308705145,2.8356999973766506,305.1858999970136,754.0,131.44753925899144,0.0,7,9,10,11,14,18,32,58,180,270,310
PUT,Abrir Mesa,103685,5,11,16.369248440951672,5.454199999803677,3903.4946000028867,166.33942228866277,131.4412007721914,0.006338486800028519,11,13,14,16,20,27,55,140,400,2900,3900
POST,Agregar Item,259679,4612,13,16.347647613411127,4.83669999812264,1999.8372999980347,106.18539042433157,329.19438274892116,5.846620224346307,13,15,16,17,21,27,52,110,310,440,2000
PUT,Cerrar Mesa,103664,1212,13,17.055471451014835,5.3413999994518235,4186.852300001192,60.55775389720636,131.4145791276313,1.536449200326913,13,15,16,17,21,28,52,110,320,2800,4200
,Aggregated,778323,5835,10,13.650075276585103,2.354699987336062,4186.852300001192,270.0537681656587,986.6780123317194,7.397014095633282,10,12,14,15,19,24,45,92,290,1000,4200
