Type,Name,Request Count,Failure Count,Median Response Time,Average Response Time,Min Response Time,Max Response Time,Average Content Size,Requests/s,Failures/s,50%,66%,75%,80%,90%,95%,98%,99%,99.9%,99.99%,100%
GET,/Categorias,14290,0,6,6.896052526259088,2.6492000033613294,233.3948000014061,123.0,19.666184291007273,0.0,6,7,8,8,9,11,14,17,120,220,230
GET,/Mesas,3664,0,7,7.439431250003703,3.2161999988602474,142.42210000520572,1226.4852620087336,5.042470205895777,0.0,7,8,8,9,10,12,15,19,86,140,140
GET,/Pedidos/5925,10786,0,7,7.577617652546958,2.9973000055179,148.83130000089295,360.0,14.84390929060913,0.0,7,8,8,9,10,12,15,17,80,140,150
GET,/Productos,14290,0,7,7.5720402659112125,3.212700001313351,131.90659999963827,754.0,19.666184291007273,0.0,7,8,9,9,10,12,14,16,30,130,130
PUT,Abrir Mesa,14290,0,11,11.403824044720636,5.833699993672781,137.51489999413025,166.34569629111266,19.666184291007273,0.0,11,12,12,13,15,17,20,23,130,140,140
POST,Agregar Item,35643,232,9,10.09132335382927,4.887900009634905,218.09009999560658,105.88710265690318,49.052610684700646,0.31928304797156665,9,10,11,12,13,15,18,20,130,130,220
PUT,Cerrar Mesa,14290,42,9,10.031984842590436,4.943000007187948,133.44780000625178,61.09209237228831,19.666184291007273,0.05780124144312845,9,10,11,12,13,15,18,20,44,130,130
,Aggregated,107253,274,9,9.153516017274207,2.6492000033613294,233.3948000014061,260.44354936458654,147.60372734523466,0.37708428941469513,9,10,11,11,13,15,17,20,96,140,230
