Type,Name,Request Count,Failure Count,Median Response Time,Average Response Time,Min Response Time,Max Response Time,Average Content Size,Requests/s,Failures/s,50%,66%,75%,80%,90%,95%,98%,99%,99.9%,99.99%,100%
GET,/Categorias,77786,5217,120.0,2064.1101239362074,0.3141000051982701,22203.029400028754,114.75657573342247,95.00077020890348,6.371570953382992,120,2500,5300,5400,5700,6100,7000,8700,21000,21000,22000
GET,/Mesas,19443,1310,150.0,2049.414365874372,0.33109996002167463,21557.179099996574,1564.1259579283033,23.745917969450932,1.5999152671902854,150,2400,5300,5400,5700,6100,7000,8600,20000,21000,22000
GET,/Pedidos/5925,58201,3868,130.0,2068.166341781142,0.31460000900551677,22359.048400016036,336.07463789281974,71.08142630972657,4.724024620986278,130,2500,5300,5400,5700,6100,7000,8700,21000,21000,22000
GET,/Productos,77747,2082,14,299.84486297216785,0.47229998745024204,22199.947500019334,729.9156237539712,94.95313914369704,2.5427660964047134,14,25,38,50,270,1200,5600,5900,9200,21000,22000
PUT,Abrir Mesa,77747,2037,21,112.8913010906511,0.5546000320464373,8417.6870000083,161.01243777894967,94.95313914369704,2.4878071750126804,21,31,45,57,120,830,1200,1400,4500,5300,8400
POST,Agregar Item,189353,9221,20,128.17814288602386,0.5960999988019466,21049.144700053148,103.81767914952496,231.25859205212376,11.261693647909635,20,29,40,49,86,230,1200,4100,6300,12000,21000
PUT,Cerrar Mesa,75673,2776,19,155.2580281171353,0.5742000066675246,22178.956600022502,58.06192433232461,92.42014352220647,3.3903547952062842,19,27,38,48,91,340,2000,5300,6500,13000,22000
,Aggregated,575950,26511,21,675.203990056797,0.3141000051982701,22359.048400016036,264.28774893653963,703.4131283498053,32.37813255609287,21,39,66,110,2800,5500,5900,6600,13000,21000,22000
