Type,Name,Request Count,Failure Count,Median Response Time,Average Response Time,Min Response Time,Max Response Time,Average Content Size,Requests/s,Failures/s,50%,66%,75%,80%,90%,95%,98%,99%,99.9%,99.99%,100%
GET,/Categorias,70892,4368,24,1072.3661599151294,0.3189999843016267,4042.4344000057317,115.42962534559612,89.7862866320095,5.5321686510271615,24,2300,2600,2800,3000,3200,3300,3400,3700,4000,4000
GET,/Mesas,17652,1109,26,1081.840188279026,0.3003000165335834,3960.2446999924723,1459.6357353274416,22.356648586980647,1.4045730389169235,26,2300,2700,2800,3000,3200,3300,3500,3700,3900,4000
GET,/Pedidos/5925,53488,3364,26,1078.6557769779804,0.3229000139981508,3964.6199000126217,337.35865988632963,67.7437355325414,4.260580435452237,26,2300,2600,2800,3000,3200,3300,3400,3700,3900,4000
GET,/Productos,70836,704,10,157.15206557970347,0.49330000183545053,4038.593299977947,742.5461629679824,89.71536139289378,0.8916315774549272,10,13,16,19,54,670,2900,3100,3500,3700,4000
PUT,Abrir Mesa,70772,760,15,30.40434808116686,0.4780999734066427,3594.9245000083465,163.57069179901657,89.63430397676152,0.9625568165706601,15,19,23,26,46,80,190,410,850,2400,3600
POST,Agregar Item,174869,5246,15,51.14407145578669,0.5636999849230051,3963.9810000080615,103.60942191011557,221.4754578380194,6.6441750785916875,15,19,22,25,43,73,260,700,3300,3600,4000
PUT,Cerrar Mesa,69956,1539,15,58.63659873783372,0.7957999769132584,3724.682199972449,58.948624849905656,88.60082192107512,1.9491775535555866,15,18,21,24,42,78,340,2400,3300,3600,3700
,Aggregated,528465,17090,15,338.9879363509596,0.3003000165335834,4042.4344000057317,261.9100186388881,669.3126158802813,21.644863151569183,15,20,28,44,2300,2800,3100,3200,3600,3900,4000
