Type,Name,Request Count,Failure Count,Median Response Time,Average Response Time,Min Response Time,Max Response Time,Average Content Size,Requests/s,Failures/s,50%,66%,75%,80%,90%,95%,98%,99%,99.9%,99.99%,100%
GET,/Categorias,4612,253,8,10.73404377706158,0.3640000068116933,568.6242999945534,116.25260190806591,3.9339816434959745,0.21580601817096304,8,11,12,13,16,20,33,41,340,570,570
GET,/Mesas,1135,53,8,10.522728370149242,0.5194999976083636,423.48780001339037,783.1004405286344,0.968141623019933,0.045208375348067355,8,11,12,13,16,19,28,40,280,420,420
GET,/Pedidos/5925,3452,225,9,11.714587051075295,0.3504000051179901,1218.0604999884963,336.5353418308227,2.9445153151231795,0.19192234817575765,9,11,13,14,17,20,32,44,350,1200,1200
GET,/Productos,4612,0,6,7.772604683424703,3.125999995972961,567.5168000016129,750.0,3.9339816434959745,0.0,6,8,8,9,11,13,19,27,120,570,570
PUT,Abrir Mesa,4612,0,9,9.81783618827386,5.0752999959513545,162.92869999597315,163.19189071986122,3.9339816434959745,0.0,9,10,10,11,13,16,20,27,130,160,160
POST,Agregar Item,11474,17,8,8.472446121674071,4.360500010079704,131.41829999221954,99.6442391493812,9.787186768749526,0.014500799639946134,8,8,9,9,11,12,15,21,120,130,130
PUT,Cerrar Mesa,4612,4,8,8.756752428315993,4.779299997608177,606.8746000091778,58.08196010407632,3.9339816434959745,0.003411952856457914,8,9,9,10,11,12,14,22,120,610,610
,Aggregated,34509,552,8,9.290723098322024,0.3504000051179901,1218.0604999884963,237.89530267466458,29.435770280876536,0.4708494941911921,8,9,10,11,13,16,21,31,170,570,1200
