Type,Name,Request Count,Failure Count,Median Response Time,Average Response Time,Min Response Time,Max Response Time,Average Content Size,Requests/s,Failures/s,50%,66%,75%,80%,90%,95%,98%,99%,99.9%,99.99%,100%
GET,/Categorias,73371,3,6,7.676172102018474,2.100300000165589,280.05750000011176,122.9997546714642,95.43136151126582,0.0039020060314538096,6,7,8,9,12,15,22,45,140,240,280
GET,/Mesas,18271,1,6,8.20039131953438,2.511600003344938,281.8303000094602,1409.1672048601608,23.76451740023085,0.0013006686771512698,6,7,9,10,13,16,23,45,140,220,280
GET,/Pedidos/5925,55193,2,6,8.318078587883502,2.5252999912481755,275.20420000655577,359.9869548674651,71.78780629801004,0.0026013373543025396,6,8,9,10,13,16,23,44,140,230,280
GET,/Productos,73370,0,7,8.5174807114602,2.4935999972512946,278.8996000017505,754.0,95.43006084258867,0.0,7,8,9,10,13,17,22,32,150,230,280
PUT,Abrir Mesa,73368,0,10,13.322588910654321,5.41230000089854,3106.1973000032594,166.33983480536475,95.42745950523437,0.0,10,12,13,14,18,22,34,57,190,2100,3100
POST,Agregar Item,183101,2216,11,13.162767060276593,4.744900012155995,2046.0957000032067,106.0220970939536,238.15373545507467,2.882281788567214,11,12,14,15,18,22,31,52,170,300,2000
PUT,Cerrar Mesa,73357,523,11,13.423896116265173,5.007100000511855,2054.4878999935463,60.83415352318116,95.4131521497857,0.6802497181501141,11,13,14,15,18,22,30,50,170,1000,2100
,Aggregated,550031,2745,9,11.216402905470067,2.100300000165589,3106.1973000032594,265.51345833234853,715.4080931621901,3.5703355187802357,9,11,12,13,16,20,28,48,160,520,3100
