Type,Name,Request Count,Failure Count,Median Response Time,Average Response Time,Min Response Time,Max Response Time,Average Content Size,Requests/s,Failures/s,50%,66%,75%,80%,90%,95%,98%,99%,99.9%,99.99%,100%
GET,/Categorias,77566,5238,230.0,1614.5316427763735,0.3147000097669661,15509.788900031708,114.70291106928293,95.8938796943867,6.475674159286253,230,1500,3800,4800,5100,5100,5200,5200,5600,11000,16000
GET,/Mesas,19776,1385,200.0,1596.833112479978,0.31699996907263994,11201.62090001395,1567.3567455501618,24.448822484544664,1.7122582494485417,200,1400,3700,4800,5100,5100,5200,5200,5500,10000,11000
GET,/Pedidos/5925,57666,4135,220.0,1621.1232069019443,0.3256000345572829,15524.505800043698,334.1858287379045,71.29175755429574,5.112048997451061,220,1500,3800,4800,5100,5100,5200,5200,5600,11000,16000
GET,/Productos,77540,2506,13,264.23464410615946,0.5264000501483679,10273.620799998753,725.7608976012381,95.86173621822377,3.0981365870888413,13,22,39,53,450,1200,5000,5100,5300,5700,10000
PUT,Abrir Mesa,77540,2356,19,130.9499251998717,0.46010001096874475,15070.696800015867,160.32098271859687,95.86173621822377,2.912693455379613,19,28,47,63,180,760,1100,1800,7500,13000,15000
POST,Agregar Item,187454,9390,18,108.0961164824076,0.38270000368356705,10361.281300021801,103.39557971555688,231.74704540947792,11.608740044997694,18,26,37,48,90,340,1000,2400,5200,5500,10000
PUT,Cerrar Mesa,75141,3044,17,130.91068653722067,0.5360000068321824,14903.937999974005,57.83090456608243,92.89588239842084,3.763259286152607,17,24,36,48,93,420,1300,4200,5400,12000,15000
,Aggregated,572683,28054,19,543.1239354151934,0.3147000097669661,15524.505800043698,264.7161326597786,708.0008599775733,34.68281077980461,19,37,69,150,1800,5000,5100,5200,5500,11000,16000
