Type,Name,Request Count,Failure Count,Median Response Time,Average Response Time,Min Response Time,Max Response Time,Average Content Size,Requests/s,Failures/s,50%,66%,75%,80%,90%,95%,98%,99%,99.9%,99.99%,100%
GET,/Categorias,112920,3,13,38.72199885493542,2.5042999914148822,3727.636999989045,122.99984059511158,141.31024128264846,0.0037542572072967175,13,21,30,36,57,83,180,460,2600,3600,3700
GET,/Mesas,28120,2,14,38.82003168208425,3.225299995392561,3321.5117000072496,1785.3977596017069,35.189904223061234,0.002502838138197812,14,22,31,38,58,83,190,460,2700,3300,3300
GET,/Pedidos/5925,84797,2,14,39.29082216231516,3.1469999958062544,3730.1062000042293,359.99150913357784,106.11658280237992,0.002502838138197812,14,22,31,37,58,83,180,470,2600,3600,3700
GET,/Productos,112914,0,15,35.51170593282647,2.8390999941620976,3724.3573000014294,754.0,141.30273276823385,0.0,15,23,30,35,56,80,180,440,1900,3000,3700
PUT,Abrir Mesa,112906,83,22,90.31101539954147,5.924700002651662,17590.49760000198,165.2184472038687,141.29272141568106,0.10386778273520919,22,35,48,57,88,130,550,1700,8300,17000,18000
POST,Agregar Item,281952,15743,22,49.05674082751724,4.973600007360801,15019.437599999947,106.10464547156963,352.84010937057474,19.701090404824075,22,34,46,56,85,120,230,500,2200,4800,15000
PUT,Cerrar Mesa,112789,6360,22,57.710909414034944,5.114200001116842,17862.149699998554,56.872957469256754,141.1463053845965,7.959025279469041,22,34,46,56,86,120,270,470,4200,14000,18000
,Aggregated,846398,22193,19,51.20886092428834,2.5042999914148822,17862.149699998554,277.34363502749295,1059.1985972471757,27.77274340051202,19,29,39,48,76,110,230,550,3900,12000,18000
