Type,Name,Request Count,Failure Count,Median Response Time,Average Response Time,Min Response Time,Max Response Time,Average Content Size,Requests/s,Failures/s,50%,66%,75%,80%,90%,95%,98%,99%,99.9%,99.99%,100%
GET,/Categorias,20220,2403,1900.0,1513.601350688314,0.40320027619600296,4831.079400144517,108.40548961424332,26.623864443865262,3.164052732868854,1900,2500,2600,2700,3000,3200,3400,3600,4200,4600,4800
GET,/Mesas,5134,612,1900.0,1488.160535331542,0.44919969514012337,4774.266100022942,2071.2553564472146,6.75998615503483,0.8058261641763373,1900,2400,2600,2700,3000,3200,3400,3500,4100,4800,4800
GET,/Pedidos/5925,15148,1812,1900.0,1488.5277722384335,0.43850019574165344,5017.849399708211,316.93688935833114,19.945514272782937,2.385877466482881,1900,2400,2600,2700,3000,3200,3400,3600,4200,4900,5000
GET,/Productos,20206,4888,220.0,517.9124179704888,0.45559974387288094,4625.364599749446,568.5687419578343,26.605430512005018,6.436075638061988,220,340,450,560,2100,2600,2900,3100,3700,4500,4600
PUT,Abrir Mesa,20150,4147,1700.0,2074.8389726235478,0.48930011689662933,16582.40280020982,131.3141935483871,26.531694784564046,5.460393958887697,1700,2600,3300,3600,4400,5300,6700,7800,11000,15000,17000
POST,Agregar Item,39882,17880,1400.0,1699.5451751152914,0.565599650144577,7775.19050007686,89.57444461160424,52.513005032157984,23.542764404367503,1400,2000,2900,3300,3800,4200,4700,5000,6000,6900,7800
PUT,Cerrar Mesa,15858,6299,2100.0,2237.0080624101897,0.5659000016748905,19665.22470023483,36.33125236473704,20.880377959980976,8.293952627690766,2100,3100,3500,3700,4300,5000,6300,7400,11000,16000,20000
,Aggregated,136598,38041,1200.0,1583.6405535710755,0.40320027619600296,19665.22470023483,262.8865283532702,179.85987316039106,50.088942992536026,1200,2300,2700,2900,3600,4100,4900,5600,9400,14000,20000
