Type,Name,Request Count,Failure Count,Median Response Time,Average Response Time,Min Response Time,Max Response Time,Average Content Size,Requests/s,Failures/s,50%,66%,75%,80%,90%,95%,98%,99%,99.9%,99.99%,100%
GET,/Categorias,13224,4463,4600.0,3607.8978535462925,0.49679994117468596,13504.647199995816,113.95893829401089,17.669870795910853,5.9634477739072995,4600,5000,5300,5500,6100,6700,7400,8000,10000,12000,14000
GET,/Mesas,3381,1136,4700.0,3758.284777493089,0.47480000648647547,10655.114899971522,1623.8568470866608,4.51768248343728,1.517919935280908,4700,5200,5600,5800,6600,7300,8000,8800,10000,11000,11000
GET,/Pedidos/5925,9865,3474,4600.0,3770.7624122343636,0.4599000094458461,12314.095900044776,233.22453117080588,13.181584649248379,4.641948816167143,4600,5200,5600,5800,6600,7300,8300,8900,11000,12000,12000
GET,/Productos,13183,4835,860.0,2162.699971865366,0.571400043554604,12256.3908000011,503.37768338011074,17.615086713739622,6.460513104826752,860,3400,4700,4900,5600,6200,6900,7500,9200,10000,12000
PUT,Abrir Mesa,13117,7107,4400.0,4808.788764306308,0.4553999751806259,32888.85530002881,75.30052603491652,17.526897703415205,9.496352975388568,4400,6200,7100,7800,9800,12000,15000,18000,26000,31000,33000
POST,Agregar Item,14897,8354,2400.0,3159.349317916746,0.7337999995797873,15095.414799987338,96.54312948915889,19.90532858792226,11.162590791669636,2400,4600,5500,5900,7100,8100,9200,10000,12000,15000,15000
PUT,Cerrar Mesa,5890,3053,5300.0,4873.146565245971,0.6559999892488122,27239.523100084625,28.552122241086586,7.870201072891328,4.07940982606744,5300,6400,7000,7500,9000,10000,13000,15000,22000,27000,27000
,Aggregated,73557,32422,4000.0,3602.2620451283183,0.4553999751806259,32888.85530002881,251.88810038473565,98.28665200656492,43.322183223307746,4000,5100,5600,6000,7200,8500,10000,13000,20000,28000,33000
