Type,Name,Request Count,Failure Count,Median Response Time,Average Response Time,Min Response Time,Max Response Time,Average Content Size,Requests/s,Failures/s,50%,66%,75%,80%,90%,95%,98%,99%,99.9%,99.99%,100%
GET,/Categorias,43586,5,6,6.611248896462832,2.3424999963026494,297.01169999316335,122.99931170559354,58.20553454653167,0.006677090642239672,6,7,7,8,9,10,12,16,130,160,300
GET,/Mesas,10946,0,6,7.236843614146822,3.007499995874241,138.712799991481,1365.7232779097387,14.61748683399109,0.0,6,7,8,8,10,11,13,17,120,140,140
GET,/Pedidos/5925,32695,2,7,7.299809457077929,2.9489000007743016,284.8236999998335,359.97797828414133,43.66149570960522,0.002670836256895869,7,7,8,8,10,11,14,17,100,260,280
GET,/Productos,43585,0,7,7.369420738775901,2.9947999864816666,143.73490000434685,754.0,58.204199128403225,0.0,7,8,8,9,10,11,13,15,64,140,140
PUT,Abrir Mesa,43582,0,10,11.046526738100665,5.867800005944446,313.3287999953609,165.34165481161946,58.20019287401788,0.0,10,11,12,12,14,15,18,22,140,160,310
POST,Agregar Item,109040,901,10,10.830954525866867,5.02190001134295,479.94659999676514,104.95604365370507,145.61399272596276,1.2032117337315889,10,11,12,12,14,15,17,21,140,160,480
PUT,Cerrar Mesa,43578,193,10,10.940357079245485,5.176500009838492,310.0072000088403,60.00511726100326,58.194851201504086,0.25773569879045133,10,11,12,12,14,15,18,21,130,230,310
,Aggregated,327012,1101,9,9.377123005578207,2.3424999963026494,479.94659999676514,263.6235214609861,436.69775302001597,1.4702953594211758,9,10,11,11,13,14,17,20,130,160,480
