Type,Name,Request Count,Failure Count,Median Response Time,Average Response Time,Min Response Time,Max Response Time,Average Content Size,Requests/s,Failures/s,50%,66%,75%,80%,90%,95%,98%,99%,99.9%,99.99%,100%
GET,/Categorias,78162,5632,120.0,1612.8235011066554,0.32199997804127634,6995.141399995191,114.14316419743609,96.55555866858339,6.957356598109844,120,1500,4200,4800,5100,5100,5200,5200,5600,7000,7000
GET,/Mesas,19671,1447,120.0,1606.5784092674805,0.32920000376179814,6989.991100010229,1551.2060901835189,24.300099723263273,1.787516867447611,120,1500,4200,4800,5100,5100,5200,5200,5500,7000,7000
GET,/Pedidos/5925,57945,4161,130.0,1617.572269850786,0.3310999891255051,6974.05799999251,334.14858917939426,71.58097089443802,5.140191904249834,130,1500,4300,4900,5100,5100,5200,5200,5600,7000,7000
GET,/Productos,78134,2334,12,264.24408737552255,0.9643000084906816,5955.117400008021,727.596180919958,96.52096953776892,2.883251118605891,12,20,35,50,380,1000,5000,5100,5200,5400,6000
PUT,Abrir Mesa,78134,2272,19,96.15369642666874,0.6059000152163208,8313.402600004338,160.53421045895513,96.52096953776892,2.8066609003738576,19,28,43,59,150,630,950,1200,3700,6900,8300
POST,Agregar Item,189508,10079,18,104.08626951008608,0.6905999907758087,5964.71170001314,102.6518141714334,234.10417865671172,12.450851767107444,18,26,36,47,98,320,960,2200,5200,5300,6000
PUT,Cerrar Mesa,75819,3282,18,125.50388941692198,1.0916000173892826,8222.709800000302,57.663725451404005,93.66118961507286,4.054340261895687,18,24,35,47,110,430,1100,4400,5200,6100,8200
,Aggregated,577373,29207,19,534.8272609774133,0.32199997804127634,8313.402600004338,263.2894142954381,713.2439366336071,36.08016941779017,19,35,69,150,1700,5000,5100,5100,5300,6200,8300
