Type,Name,Request Count,Failure Count,Median Response Time,Average Response Time,Min Response Time,Max Response Time,Average Content Size,Requests/s,Failures/s,50%,66%,75%,80%,90%,95%,98%,99%,99.9%,99.99%,100%
GET,/Categorias,88791,5,5,6.672294413856064,2.342099993256852,303.2301999919582,122.99966212791837,113.96034239735754,0.00641733635150846,5,6,7,8,9,11,15,27,130,210,300
GET,/Mesas,22205,1,6,7.251712024320986,2.93950000195764,294.23539999697823,1429.034046385949,28.499390737049072,0.001283467270301692,6,7,8,8,10,12,16,30,130,170,290
GET,/Pedidos/5925,66192,1,6,7.382237631450033,2.809699988574721,217.2917999996571,359.9945612762872,84.9552655558096,0.001283467270301692,6,7,8,8,10,12,17,30,130,190,220
GET,/Productos,88791,0,6,7.5967600567878515,2.8430000093067065,308.62209999759216,754.0,113.96034239735754,0.0,6,7,8,9,10,13,17,26,140,180,310
PUT,Abrir Mesa,88791,0,10,11.785677148581799,5.700800000340678,1128.4750000049826,166.34176887297136,113.96034239735754,0.0,10,11,12,13,15,18,25,45,180,730,1100
POST,Agregar Item,221749,2374,11,12.702379401932932,4.891300006420352,1035.5444000015268,105.99031788192957,284.6075837221299,3.046951299696217,11,13,14,14,16,19,24,46,150,290,1000
PUT,Cerrar Mesa,88787,602,12,12.923387039763256,5.260300007648766,1082.1976000006543,60.85706240778492,113.95520852827633,0.7726472967216186,12,13,14,14,17,19,25,45,150,310,1100
,Aggregated,665306,2983,9,10.412146755180947,2.342099993256852,1128.4750000049826,266.2028495158619,853.8984757353376,3.8285828673099473,9,11,12,13,15,17,22,39,150,300,1100
