Type,Name,Request Count,Failure Count,Median Response Time,Average Response Time,Min Response Time,Max Response Time,Average Content Size,Requests/s,Failures/s,50%,66%,75%,80%,90%,95%,98%,99%,99.9%,99.99%,100%
GET,/Categorias,74964,4261,54,2308.313064494918,0.33229999826289713,25571.914500003913,116.01640787578037,91.49625503994277,5.200703574051493,54,5300,5400,5600,5800,6400,8300,9000,21000,21000,26000
GET,/Mesas,18527,1039,52,2279.08379398725,0.32240001019090414,21057.711800007382,1518.0208344578184,22.612869072154897,1.2681368254962453,52,5200,5400,5500,5800,6400,7800,9000,21000,21000,21000
GET,/Pedidos/5925,55953,3064,57,2321.644645000314,0.33129999064840376,26193.91450000694,340.2863117259128,68.29264658035747,3.7397220724932585,57,5300,5400,5600,5800,6500,8300,9100,21000,21000,26000
GET,/Productos,74940,908,12,297.1353086483072,0.8333000005222857,21147.76319998782,740.9127301841473,91.46696217775613,1.1082466193942164,12,16,21,28,75,900,5700,6200,12000,21000,21000
PUT,Abrir Mesa,74940,1095,18,48.23074162260649,0.817000021925196,8717.187600006582,162.93121163597544,91.46696217775613,1.3364868372650516,18,23,29,35,66,110,330,890,2600,5600,8700
POST,Agregar Item,184228,6775,17,100.18145457257839,0.5668000085279346,21251.015500020003,104.56681394793408,224.8568922882794,8.269130888101119,17,23,28,33,61,110,430,5300,6700,14000,21000
PUT,Cerrar Mesa,73803,2120,17,126.08526503931698,0.5877000221516937,26214.42050000769,58.543514491280845,90.07921283166448,2.5875361598190953,17,22,27,32,63,120,920,5500,7000,20000,26000
,Aggregated,557355,19262,17,715.5428415923427,0.32240001019090414,26214.42050000769,264.0693148890743,680.2718001679112,23.50996297662048,17,26,42,68,5300,5600,6200,6800,13000,21000,26000
