Type,Name,Request Count,Failure Count,Median Response Time,Average Response Time,Min Response Time,Max Response Time,Average Content Size,Requests/s,Failures/s,50%,66%,75%,80%,90%,95%,98%,99%,99.9%,99.99%,100%
GET,/Categorias,16121,603,110.0,180.50762116486584,0.3623999946285039,2893.5738000145648,118.42100365982259,21.834169847638012,0.8166989900208251,110,190,250,300,440,590,800,980,1500,2200,2900
GET,/Mesas,4012,165,110.0,175.80287310550938,0.34509997931309044,2569.2549999803305,2059.782402791625,5.433824789325954,0.22347484801564865,110,180,240,280,430,590,820,940,1500,2600,2600
GET,/Pedidos/5925,12152,439,110.0,176.21671969212997,0.3342999843880534,3024.8595000011846,346.99473337722185,16.458583958097954,0.5945785350234531,110,180,240,290,420,580,780,970,1600,2600,3000
GET,/Productos,16117,155,110.0,173.6026136936877,1.18530000327155,2981.1770000087563,742.7871191909164,21.828752275564906,0.20993091783288206,110,180,240,280,420,560,760,910,1500,2500,3000
PUT,Abrir Mesa,16088,225,870.0,1098.8977012555185,0.6613000005017966,11407.458000001498,163.02529835902536,21.789474878034884,0.3047384291122482,870,1200,1500,1600,2200,2900,3800,4800,7700,11000,11000
POST,Agregar Item,39646,6905,620.0,702.632955193464,0.8863999973982573,4496.162900002673,107.4194874640569,53.696265602596405,9.352083791200327,620,830,980,1100,1400,1600,2000,2200,3100,4000,4500
PUT,Cerrar Mesa,15816,2674,580.0,799.4515388909639,1.9022999913431704,11402.245899982518,50.078022255943345,21.42107997706363,3.621646930871785,580,820,1000,1200,1700,2300,3300,4100,7000,11000,11000
,Aggregated,119952,11166,350.0,556.342547759075,0.3342999843880534,11407.458000001498,283.73541083099906,162.46215132832174,15.123152442077169,350,600,790,920,1300,1700,2400,3000,5800,9500,11000
