Type,Name,Request Count,Failure Count,Median Response Time,Average Response Time,Min Response Time,Max Response Time,Average Content Size,Requests/s,Failures/s,50%,66%,75%,80%,90%,95%,98%,99%,99.9%,99.99%,100%
GET,/Categorias,66606,3924,18,238.88860312737202,0.31430000672116876,1905.7631000177935,115.76065219349609,86.5593653199802,5.099524810311419,18,270,390,490,760,940,1300,1400,1700,1900,1900
GET,/Mesas,16404,1018,19,240.59761846498643,0.3339999821037054,1896.9773999997415,1461.232565227993,21.318196989895135,1.322965406956428,19,270,400,490,760,950,1300,1400,1700,1900,1900
GET,/Pedidos/5925,49237,2873,19,239.64102830987738,0.3239000216126442,1890.7209000026342,338.99384609135404,63.98708029696822,3.733673491341668,19,270,400,490,760,950,1300,1400,1700,1900,1900
GET,/Productos,66591,324,10,45.559308196288,0.9302000107709318,1866.2609000166412,746.3508582240844,86.53987172361052,0.42106168158534646,10,13,15,17,30,250,670,880,1500,1800,1900
PUT,Abrir Mesa,66587,472,16,22.479788978333723,0.5608999927062541,2894.952100003138,164.17195548680672,86.53467343124527,0.6133984990996405,16,19,22,24,34,49,87,160,500,2100,2900
POST,Agregar Item,165316,4074,16,26.705505422927647,0.5877999938093126,3027.604300004896,104.84882286046118,214.84022516346647,5.294460774008338,16,19,22,24,32,46,130,280,1200,1700,3000
PUT,Cerrar Mesa,66100,1180,15,29.348790984943424,0.516800006153062,3033.510000008391,59.19721633888049,85.90178133577592,1.5334962477491012,15,18,21,23,31,49,180,440,1300,1800,3000
,Aggregated,496841,13865,15,85.62676382081328,0.31430000672116876,3033.510000008391,262.1553877397397,645.6811942609418,18.01858091105194,15,20,25,31,280,580,880,1100,1600,1900,3000
