Type,Name,Request Count,Failure Count,Median Response Time,Average Response Time,Min Response Time,Max Response Time,Average Content Size,Requests/s,Failures/s,50%,66%,75%,80%,90%,95%,98%,99%,99.9%,99.99%,100%
GET,/Categorias,73431,2,6,7.161056179292474,2.259599990793504,286.5273000061279,122.99983658128039,95.51736012589672,0.0026015541154525124,6,7,7,8,9,11,17,32,150,280,290
GET,/Mesas,18193,1,6,7.74034334635262,3.0203000060282648,280.380200012587,1412.2947287418237,23.665037011213776,0.0013007770577262562,6,7,8,8,10,12,18,33,150,280,280
GET,/Pedidos/5925,54507,4,6,8.01625677798988,2.779899994493462,390.6833000073675,359.9735813748693,70.90145508548504,0.005203108230905025,6,7,8,9,10,12,19,35,150,280,390
GET,/Productos,73431,0,7,7.852685052641457,2.7528000064194202,305.0102999986848,754.0,95.51736012589672,0.0,7,8,8,9,11,12,17,26,140,170,310
PUT,Abrir Mesa,73429,0,10,12.072870040466375,5.7883999979821965,937.2434999968391,165.33936183251848,95.51475857178126,0.0,10,11,12,13,15,18,28,47,170,440,940
POST,Agregar Item,183609,2086,11,12.617600265266729,5.085299999336712,1009.4386999990093,105.02945934022841,238.83437479206017,2.7134209424169704,11,12,13,13,15,18,27,45,170,300,1000
PUT,Cerrar Mesa,73423,479,11,12.843458685958659,5.144000009750016,1028.4216000000015,59.87844408427877,95.5069539094349,0.6230722106508767,11,12,13,14,16,18,28,46,170,230,1000
,Aggregated,550023,2572,9,10.593093771544618,2.259599990793504,1028.4216000000015,264.59883677591665,715.4572996217686,3.345598592471931,9,11,12,12,14,17,24,41,170,290,1000
