Type,Name,Request Count,Failure Count,Median Response Time,Average Response Time,Min Response Time,Max Response Time,Average Content Size,Requests/s,Failures/s,50%,66%,75%,80%,90%,95%,98%,99%,99.9%,99.99%,100%
GET,/Categorias,70282,4376,28,1091.6058757960611,0.3142999776173383,6287.230400019325,115.34991889815315,89.09139864003022,5.5471381071792525,28,2100,2600,2800,3100,3200,3500,3600,3800,4000,6300
GET,/Mesas,17850,1141,28,1076.850436296847,0.30839999089948833,5915.375199983828,1459.4222969187674,22.62715155693548,1.4463630210903857,28,2100,2600,2800,3100,3200,3500,3600,3900,5200,5900
GET,/Pedidos/5925,52998,3352,28,1079.447159304032,0.3220000071451068,6291.923600016162,337.2308388995811,67.18172426971802,4.249087508058697,28,2100,2600,2700,3100,3200,3500,3600,3800,3900,6300
GET,/Productos,70268,637,10,161.20959192803116,0.9538999875076115,3956.1299000051804,743.2010303409802,89.07365185449537,0.8074787418357368,10,13,17,20,52,1500,2900,3200,3600,3900,4000
PUT,Abrir Mesa,70268,654,16,29.574382756045804,1.0772999958135188,1671.8795000051614,163.8019297546536,89.07365185449537,0.8290284099851991,16,20,24,27,46,77,170,390,800,1300,1700
POST,Agregar Item,173959,5163,16,52.62835831088632,0.5933999782428145,3944.0900000045076,104.77283152926839,220.51521891837194,6.54476097974554,16,20,23,26,43,69,210,1100,3400,3800,3900
PUT,Cerrar Mesa,69594,1548,15,64.22088328880825,1.3132999883964658,3967.4612999951933,58.92970658390091,88.2192708937461,1.9622874291392787,15,19,22,25,44,79,360,2500,3500,3800,4000
,Aggregated,525219,16871,15,343.05906310985847,0.30839999089948833,6291.923600016162,262.92058360417275,665.7820679877925,21.38614419703409,15,21,30,45,2200,2900,3200,3300,3700,3900,6300
