Type,Name,Request Count,Failure Count,Median Response Time,Average Response Time,Min Response Time,Max Response Time,Average Content Size,Requests/s,Failures/s,50%,66%,75%,80%,90%,95%,98%,99%,99.9%,99.99%,100%
GET,/Categorias,42894,1832,13,24.51969545616825,0.31020003370940685,862.7822000416927,117.75758847391243,57.26033166213525,2.4455851075915462,13,18,23,27,45,73,140,210,660,770,860
GET,/Mesas,10824,407,14,26.460067682555323,0.3253000322729349,1012.4480999656953,1417.8969881744272,14.449243015595467,0.5433150320904799,14,19,24,29,47,79,150,260,680,920,1000
GET,/Pedidos/5925,32226,1349,15,26.03654622055665,0.31999999191612005,1039.3884999793954,344.9301805995159,43.01933716006832,1.8008156714743426,15,19,24,28,48,78,140,220,620,960,1000
GET,/Productos,42889,132,11,16.40157675167194,1.4032999752089381,660.116899991408,747.6917158245705,57.253657030291386,0.1762102806779935,11,15,18,21,29,40,64,94,280,570,660
PUT,Abrir Mesa,42881,121,18,23.74076441779804,0.7661000126972795,1071.35380001273,164.87812784216786,57.242977619341204,0.16152609062149403,18,24,28,32,43,57,81,110,220,340,1100
POST,Agregar Item,106868,2338,16,21.446482778819952,0.5461000255309045,1026.750099961646,105.01340906538908,142.66091117799854,3.121057850190521,16,21,24,27,37,51,76,110,210,510,1000
PUT,Cerrar Mesa,42746,699,15,20.29869503815779,1.6077000182121992,1070.909700007178,59.28741870584382,57.062762559556894,0.9331135317721019,15,19,22,24,34,47,75,120,230,770,1100
,Aggregated,321328,6878,15,21.966062752099475,0.31020003370940685,1071.35380001273,262.6876369317333,428.9492202249871,9.18162356441848,15,20,24,27,39,55,92,140,460,770,1100
