Type,Name,Request Count,Failure Count,Median Response Time,Average Response Time,Min Response Time,Max Response Time,Average Content Size,Requests/s,Failures/s,50%,66%,75%,80%,90%,95%,98%,99%,99.9%,99.99%,100%
GET,/Categorias,71461,4995,27,541.3698950655919,0.32979995012283325,3240.451200399548,114.40578777235135,91.69435735198947,6.409276598049109,27,370,1200,1400,1800,2100,2400,2500,3000,3200,3200
GET,/Mesas,17815,1257,29,552.8511432035576,0.3348998725414276,3229.2071999982,1496.1475722705586,22.859111630479454,1.6129050417913373,29,400,1200,1400,1900,2200,2300,2500,3000,3200,3200
GET,/Pedidos/5925,53704,3747,28,548.2851323606972,0.3307000733911991,3219.3917999975383,334.8823178906599,68.90966775207795,4.807919802380383,28,400,1200,1400,1900,2200,2400,2500,3000,3200,3200
GET,/Productos,71457,1082,12,106.13830826561346,0.4990999586880207,3180.636700242758,738.6435198790881,91.6892247981572,1.3883558116294568,12,16,22,29,78,430,1800,2100,2700,3100,3200
PUT,Abrir Mesa,71449,1302,18,36.70878314811695,0.551699660718441,3382.0143998600543,162.33099133647778,91.67895969049265,1.6706462724043925,18,24,30,37,67,120,270,360,730,2800,3400
POST,Agregar Item,175226,6830,17,43.219963125017976,0.5398998036980629,3261.46910013631,103.34373894285095,224.83921945340404,8.763835668603686,17,23,28,33,56,99,260,450,2300,3000,3300
PUT,Cerrar Mesa,70123,2139,17,50.20195180570936,0.4103998653590679,3368.144900072366,58.43563452790097,89.97751809509462,2.744633161807216,17,22,27,32,58,110,320,1200,2400,3100,3400
,Aggregated,531235,21352,17,186.88844974758283,0.32979995012283325,3382.0143998600543,262.406976196975,681.6480587716953,27.39757235666558,17,25,38,55,460,1600,2100,2300,2800,3100,3400
