Type,Name,Request Count,Failure Count,Median Response Time,Average Response Time,Min Response Time,Max Response Time,Average Content Size,Requests/s,Failures/s,50%,66%,75%,80%,90%,95%,98%,99%,99.9%,99.99%,100%
GET,/Categorias,43589,3,6,6.5458142536078165,2.4185000074794516,154.63489999820013,122.99958705177912,58.209209891655924,0.00400623161061203,6,6,7,7,9,10,12,17,120,140,150
GET,/Mesas,11234,1,6,6.969097026956524,2.8153000021120533,155.0674999889452,1332.3288232152395,15.002001971205182,0.0013354105368706766,6,7,8,8,9,10,13,17,120,140,160
GET,/Pedidos/5925,32854,3,6,7.262582218313732,2.8728000033879653,155.13410000130534,359.96712729043645,43.87357777834921,0.00400623161061203,6,7,8,8,9,11,13,18,120,140,160
GET,/Productos,43589,0,7,7.197448223163898,2.8344000020297244,157.74989999772515,754.0,58.209209891655924,0.0,7,7,8,8,10,11,13,15,120,140,160
PUT,Abrir Mesa,43588,0,10,10.863417982008597,5.612699998891912,160.33520000928547,165.34135541892263,58.207874481119056,0.0,10,11,12,12,14,15,18,22,130,150,160
POST,Agregar Item,108908,862,10,10.702049121273069,4.632400014088489,171.53409999446012,104.92668123553825,145.43689074951166,1.1511238827825232,10,11,11,12,13,15,17,21,140,160,170
PUT,Cerrar Mesa,43582,199,10,10.75657359919147,4.875500002526678,161.96270000364166,59.99784314625304,58.19986201789783,0.26574669683726465,10,11,12,12,13,15,17,21,130,150,160
,Aggregated,327344,1068,9,9.237368638498493,2.4185000074794516,171.53409999446012,263.5464740456523,437.1386267813948,1.4262184533778828,9,10,11,11,12,14,16,20,130,150,170
