Type,Name,Request Count,Failure Count,Median Response Time,Average Response Time,Min Response Time,Max Response Time,Average Content Size,Requests/s,Failures/s,50%,66%,75%,80%,90%,95%,98%,99%,99.9%,99.99%,100%
GET,/Categorias,20820,2533,4300.0,3114.756304869959,0.40849996730685234,8642.95870019123,108.06368876080691,26.710388631901438,3.2496356582423798,4300,5400,5700,5900,6200,6500,6800,7000,7500,8300,8600
GET,/Mesas,5109,606,4400.0,3149.3574543756736,0.32270001247525215,8281.747499946505,2082.370914073204,6.554436864571779,0.7774493521100995,4400,5500,5800,5900,6300,6500,6800,7000,7600,8300,8300
GET,/Pedidos/5925,15728,1895,4200.0,3092.092642535871,0.4024999216198921,8179.953699931502,316.62512716174973,20.177761402619875,2.431132874997753,4200,5400,5700,5900,6200,6500,6700,6900,7400,7900,8200
GET,/Productos,20792,5081,220.0,903.0994526059078,0.5819001235067844,7998.992800246924,566.7203732204694,26.674466879658727,6.5185151123290686,220,330,440,560,4800,5800,6200,6500,7100,7800,8000
PUT,Abrir Mesa,20724,4310,1700.0,2794.5777219454217,0.4575997591018677,22101.37869976461,130.95121598147077,26.58722833849786,5.529384005931566,1700,2600,5200,6200,7300,8000,9100,10000,15000,19000,22000
POST,Agregar Item,40865,18408,1400.0,2554.38531162278,0.5308999679982662,10938.61289974302,90.19801786369754,52.42651447851356,23.615986260136488,1400,2000,5400,6200,7000,7500,7900,8200,9100,9900,11000
PUT,Cerrar Mesa,16189,6429,2200.0,3522.073310504555,0.5199001170694828,28040.07069999352,36.3302859966644,20.76918739490165,8.247890898871006,2200,5900,6500,6700,7400,8000,8900,10000,16000,25000,28000
,Aggregated,140227,39262,1300.0,2621.945842776404,0.32270001247525215,28040.07069999352,261.28901709371235,179.89998399066488,50.36999416261836,1300,4200,5600,5900,6700,7300,7900,8500,12000,18000,28000
