Type,Name,Request Count,Failure Count,Median Response Time,Average Response Time,Min Response Time,Max Response Time,Average Content Size,Requests/s,Failures/s,50%,66%,75%,80%,90%,95%,98%,99%,99.9%,99.99%,100%
GET,/Categorias,19327,2126,740.0,726.9653149945116,0.41310000233352184,3850.1706999959424,109.5000776116314,25.7895527956636,2.836890838908305,740,1000,1100,1200,1400,1600,1900,2100,2600,3400,3900
GET,/Mesas,4807,548,710.0,696.354343166384,0.3974999999627471,3213.448700000299,2088.0651133763263,6.414362306035852,0.7312399716471077,710,980,1100,1200,1400,1600,1800,2000,2700,3200,3200
GET,/Pedidos/5925,14530,1682,730.0,708.0733048106661,0.3876000118907541,3945.9396000020206,318.3262216104611,19.388534284730795,2.244426336332911,730,980,1100,1200,1400,1600,1800,2000,2700,3200,3900
GET,/Productos,19318,4387,220.0,342.10279860224273,0.5373999883886427,2889.5980999805033,579.679573454809,25.777543380070856,5.853922911707778,220,340,440,540,900,1100,1400,1500,2200,2900,2900
PUT,Abrir Mesa,19274,3767,1600.0,1726.0060595622026,0.5164000031072646,14083.220600005006,133.02998858565942,25.718830681617437,5.026607615318714,1600,2100,2400,2600,3400,4200,5400,6400,11000,14000,14000
POST,Agregar Item,38450,17216,1400.0,1337.8019049206275,0.46439998550340533,7848.757700005081,91.69620286085826,51.30689217122499,22.972677649409867,1400,1700,2000,2100,2500,2800,3300,3600,4800,7700,7800
PUT,Cerrar Mesa,15405,6065,1500.0,1579.8259309639375,0.4841999907512218,13356.315900018672,36.54268094774424,20.55611635624762,8.093011729999468,1500,1900,2200,2300,2900,3600,4700,5600,9500,12000,13000
,Aggregated,131111,35791,980.0,1093.2509358901739,0.3876000118907541,14083.220600005006,264.1261679035321,174.95183197559115,47.75877705332415,980,1400,1600,1800,2400,2900,3700,4400,7900,12000,14000
