Type,Name,Request Count,Failure Count,Median Response Time,Average Response Time,Min Response Time,Max Response Time,Average Content Size,Requests/s,Failures/s,50%,66%,75%,80%,90%,95%,98%,99%,99.9%,99.99%,100%
GET,/Categorias,28175,3,15,24.374123364686966,2.8458000015234575,470.902400003979,122.99936113575865,38.11081336406078,0.00405793931116885,15,19,22,26,43,81,160,200,380,460,470
GET,/Mesas,6951,1,15,23.99598821753281,3.5804000071948394,447.152399996412,1495.0565386275357,9.402245383978226,0.0013526464370562832,15,19,23,26,39,70,150,190,380,450,450
GET,/Pedidos/5925,21242,2,16,24.9482529658073,3.418199994484894,477.12259998661466,359.9661048865455,28.73291561594957,0.0027052928741125664,16,20,23,26,44,81,150,190,360,400,480
GET,/Productos,28175,0,16,23.38921024664208,3.3064000017475337,413.3504999917932,754.0,38.11081336406078,0.0,16,21,24,27,40,63,120,170,380,400,410
PUT,Abrir Mesa,28175,0,21,29.027680578478797,6.141399993794039,1101.22820000106,165.34321206743567,38.11081336406078,0.0,21,27,31,35,49,70,120,170,290,1100,1100
POST,Agregar Item,70279,2104,20,26.57704462784449,5.325700010871515,1062.4043999996502,105.49545383400446,95.06263894987853,2.84596810356642,20,24,28,31,43,62,110,150,270,1000,1100
PUT,Cerrar Mesa,28173,718,20,25.408116874393766,5.807599998661317,1101.3627999927849,58.73630781244454,38.10810807118667,0.9712001418064115,20,24,27,30,40,54,89,130,320,1000,1100
,Aggregated,211170,2828,18,25.780010060616533,2.8458000015234575,1101.3627999927849,267.4406070938107,285.63834811317537,3.825284123995169,18,23,27,30,43,66,120,170,340,1000,1100
