Type,Name,Request Count,Failure Count,Median Response Time,Average Response Time,Min Response Time,Max Response Time,Average Content Size,Requests/s,Failures/s,50%,66%,75%,80%,90%,95%,98%,99%,99.9%,99.99%,100%
GET,/Categorias,103860,3,6,7.995529974005484,2.3154000082286075,305.2873999986332,122.9998266897747,131.5960023876716,0.0038011554704700055,6,7,8,9,11,14,26,46,150,270,310
GET,/Mesas,26023,1,7,8.575628759162438,2.7246999961789697,402.86959998775274,1540.6662567728547,32.97248960268032,0.0012670518234900018,7,8,9,9,12,15,26,47,160,260,400
GET,/Pedidos/5925,78173,2,7,8.817135764292338,2.965000006952323,306.80239999492187,359.9907896588336,99.04924219768391,0.0025341036469800036,7,8,9,10,12,15,28,49,160,270,310
GET,/Productos,103857,0,7,9.027222167984597,2.9198999982327223,297.91860000113957,754.0,131.59220123220112,0.0,7,9,10,10,13,16,26,40,160,200,300
PUT,Abrir Mesa,103857,0,11,16.66720172350883,5.703600007109344,5718.152300003567,165.33990005488315,131.59220123220112,0.0,11,13,14,15,18,24,48,83,1000,3900,5700
POST,Agregar Item,258949,4183,13,15.413139218539884,5.132100006449036,2014.8240999988047,105.15014539542535,328.10180264091247,5.300077777658678,13,14,16,17,20,25,43,69,240,1000,2000
PUT,Cerrar Mesa,103855,1145,13,16.67796777141229,5.15970001288224,6350.48999999708,59.60706754609792,131.58966712855414,1.450774337896052,13,15,16,17,20,26,45,73,310,3300,6400
,Aggregated,778574,5334,10,13.01699568300813,2.3154000082286075,6350.48999999708,269.60569066010424,986.4936064219047,6.758454426495669,10,12,14,15,18,23,38,60,230,2000,6400
