Type,Name,Request Count,Failure Count,Median Response Time,Average Response Time,Min Response Time,Max Response Time,Average Content Size,Requests/s,Failures/s,50%,66%,75%,80%,90%,95%,98%,99%,99.9%,99.99%,100%
GET,/Categorias,85546,6022,90,872.5759933322498,0.31889998354017735,4717.317400005413,114.34826876768055,107.02294125867789,7.533866601124053,90,620,1000,1500,3600,4200,4400,4500,4600,4700,4700
GET,/Mesas,21123,1471,97,886.334781394653,0.3148999821860343,4703.553900006227,1659.2154996922786,26.426081736224408,1.840305176063348,97,650,1000,1600,3600,4200,4400,4500,4600,4700,4700
GET,/Pedidos/5925,64255,4481,94,877.6964577091065,0.3234000178053975,4709.9575999891385,334.89440510466113,80.38668190887181,5.605987419401674,94,640,1000,1600,3600,4200,4400,4500,4600,4700,4700
GET,/Productos,85515,3646,20,153.28292980882446,0.5559999844990671,4637.550699990243,718.0231538326609,106.98415848474318,4.561354637611807,20,38,52,66,240,660,2400,3900,4500,4600,4600
PUT,Abrir Mesa,85514,3747,28,96.36394596087914,0.42959998245351017,5717.531600006623,158.10301237224314,106.98290742751948,4.687711417205551,28,51,68,83,190,560,810,940,2500,4900,5700
POST,Agregar Item,203924,14811,26,90.39564583764256,0.4363000043667853,4713.389499986079,101.72650595319826,255.12059328588865,18.529408540227227,26,43,56,65,110,300,760,1100,4400,4600,4700
PUT,Cerrar Mesa,81732,4891,25,104.80245923141624,0.5632999818772078,4730.016799992882,56.666960309303576,102.25140900748441,6.1189208811188545,25,43,57,67,130,380,860,2000,4500,4700,4700
,Aggregated,627609,39069,30,315.661237968698,0.3148999821860343,5717.531600006623,265.52525059392076,785.1747731094098,48.87755467275251,30,56,87,140,770,2400,4100,4300,4600,4700,5700
