Type,Name,Request Count,Failure Count,Median Response Time,Average Response Time,Min Response Time,Max Response Time,Average Content Size,Requests/s,Failures/s,50%,66%,75%,80%,90%,95%,98%,99%,99.9%,99.99%,100%
GET,/Categorias,66973,6209,460.0,1871.8250455630994,0.3333000058773905,34600.296199991135,111.6055276006749,81.77600878441724,7.581372173001756,460,1200,1800,2400,5900,8800,12000,19000,25000,34000,35000
GET,/Mesas,16508,1585,450.0,1854.1212047371405,0.3315999929327518,34224.53830001177,1749.575781439302,20.15675500594508,1.935331759415008,450,1200,1800,2500,5900,8700,12000,19000,25000,34000,34000
GET,/Pedidos/5925,49832,4518,430.0,1858.6170051251947,0.3276999923400581,34220.47659999225,327.36073205972065,60.846342104207366,5.516611286458678,430,1200,1800,2500,5900,8800,12000,19000,25000,33000,34000
GET,/Productos,66904,5899,40,479.7570011463455,0.4050999996252358,34228.13880001195,683.8716668659572,81.69175774883387,7.202853027627212,40,65,120,220,880,1300,8000,9500,21000,28000,34000
PUT,Abrir Mesa,66790,5670,52,733.1122731457547,0.5143999878782779,34235.500599985244,151.30910315915557,81.55256038569614,6.923237271850533,52,92,220,740,1300,2700,10000,12000,23000,30000,34000
POST,Agregar Item,152090,19473,42,546.0502184397911,0.4327000060584396,34227.43020000053,98.77558024853705,185.70637683875617,23.77710747702741,42,64,92,130,1000,1800,9300,11000,21000,28000,34000
PUT,Cerrar Mesa,60781,6599,42,748.2332227061306,0.585700006922707,34227.95369999949,53.72945492834932,74.21539411293602,8.057573678472957,42,66,100,170,1100,5500,10000,12000,23000,30000,34000
,Aggregated,479878,49953,51,954.7792284364095,0.3276999923400581,34600.296199991135,264.2708917683245,585.9451949807919,60.99408667385356,51,110,550,950,2000,6200,10000,13000,24000,34000,35000
