Type,Name,Request Count,Failure Count,Median Response Time,Average Response Time,Min Response Time,Max Response Time,Average Content Size,Requests/s,Failures/s,50%,66%,75%,80%,90%,95%,98%,99%,99.9%,99.99%,100%
GET,/Categorias,28860,2,6,6.674165530151293,2.032700002018828,147.89480000035837,122.9995841995842,39.10055823415506,0.002709671395298341,6,7,7,8,10,13,17,22,81,150,150
GET,/Mesas,7159,0,6,7.134465944979785,2.3892000026535243,125.2978999982588,1329.7390697024723,9.699268759470412,0.0,6,7,8,8,11,13,18,23,74,130,130
GET,/Pedidos/5925,21806,3,6,7.4011412501135805,2.6485000053071417,165.72469999664463,359.95047234706044,29.54354722293781,0.004064507092947511,6,7,8,9,11,13,18,24,91,150,170
GET,/Productos,28860,0,7,7.483131181558387,2.543299997341819,151.105800003279,754.0,39.10055823415506,0.0,7,7,8,9,11,13,17,22,64,150,150
PUT,Abrir Mesa,28860,0,10,11.148110654887946,5.536700002267025,220.19670000008773,166.34615384615384,39.10055823415506,0.0,10,11,12,13,15,18,22,27,130,160,220
POST,Agregar Item,71713,627,9,10.394124475339241,4.603900000802241,221.8603000001167,105.97523461576004,97.15933238551496,0.8494819824260299,9,10,11,12,14,17,21,26,120,160,220
PUT,Cerrar Mesa,28860,127,10,10.534916971597832,4.962099999829661,225.84959999949206,61.0024948024948,39.10055823415506,0.17206413360144465,10,11,11,12,14,17,21,26,110,160,230
,Aggregated,216118,759,9,9.218161081911028,2.032700002018828,225.84959999949206,263.00434947574934,292.8043813045434,1.0283202945157204,9,10,11,11,13,16,20,25,92,150,230
