Type,Name,Request Count,Failure Count,Median Response Time,Average Response Time,Min Response Time,Max Response Time,Average Content Size,Requests/s,Failures/s,50%,66%,75%,80%,90%,95%,98%,99%,99.9%,99.99%,100%
GET,/Categorias,68371,4092,20,187.62278113087459,0.31189998844638467,2138.7486000021454,115.64701408491905,88.84862681773976,5.317584662184129,20,97,290,420,640,790,1000,1200,1700,2000,2100
GET,/Mesas,17066,1061,21,188.2053552385598,0.3148999821860343,2089.5846000057645,1491.5859017930388,22.177394878991773,1.3787774502877226,21,100,300,420,630,790,1000,1200,1700,2100,2100
GET,/Pedidos/5925,51297,3128,21,186.83187583302308,0.31529998523183167,2130.503199994564,338.04783905491547,66.66083587880236,4.064859438737037,21,95,290,420,640,790,1000,1200,1700,2000,2100
GET,/Productos,68356,908,11,39.04316250510714,0.37880000309087336,2042.6366000028793,740.0374509918661,88.82913420534172,1.1799528038277587,11,15,19,24,44,110,530,720,1500,1800,2000
PUT,Abrir Mesa,68353,1126,17,26.631287867400683,0.49000000581145287,1192.772700014757,162.62324989393298,88.82523568286211,1.4632454373458772,17,22,27,32,51,76,120,170,350,1100,1200
POST,Agregar Item,168260,5893,17,28.318588385246727,0.4359999729786068,2037.5859000196215,103.421674789017,218.65513080623205,7.65799765744161,17,21,25,29,45,66,130,240,980,1700,2000
PUT,Cerrar Mesa,67220,1805,16,29.32850764059233,0.6423999730031937,2012.007999990601,58.65470098185064,87.35289369306382,2.3456110252302915,16,20,24,28,44,69,150,290,1100,1700,2000
,Aggregated,508923,18013,16,72.40642552391768,0.31189998844638467,2138.7486000021454,262.80878246807475,661.3492519630336,23.408028475054426,16,23,31,40,150,500,730,900,1600,1900,2100
