Type,Name,Request Count,Failure Count,Median Response Time,Average Response Time,Min Response Time,Max Response Time,Average Content Size,Requests/s,Failures/s,50%,66%,75%,80%,90%,95%,98%,99%,99.9%,99.99%,100%
GET,/Categorias,43139,2068,11,18.924655585382634,0.31469998066313565,860.0809999916237,117.10361853543198,57.59521505564954,2.761002914649928,11,14,17,19,27,42,110,180,630,820,860
GET,/Mesas,10865,528,12,19.124807372246302,0.305800000205636,843.9707000216004,1362.715232397607,14.505946164251194,0.7049369143787051,12,15,18,20,28,43,100,170,620,840,840
GET,/Pedidos/5925,32674,1604,12,19.89176578623092,0.32210000790655613,864.6342000283767,342.32723266205545,43.62331200835191,2.1415128989837933,12,15,18,20,28,43,110,190,620,840,860
GET,/Productos,43137,53,10,12.566449875917439,0.738300004741177,869.2146000103094,749.0785172821476,57.592544840064775,0.07076071299634729,10,12,14,15,20,26,37,52,180,700,870
PUT,Abrir Mesa,43133,66,15,19.77356536994856,1.1424999975133687,300.63240000163205,165.08784457376024,57.58720440889524,0.08811711429733814,15,20,23,26,36,47,61,73,180,280,300
POST,Agregar Item,107843,1853,14,16.8076587603656,0.6864000170025975,683.8826000166591,104.06121862336916,143.98202965405812,2.4739547392873873,14,17,19,21,27,34,47,59,170,420,680
PUT,Cerrar Mesa,43058,537,13,15.422994762903102,1.0649999894667417,424.2184000031557,59.518533141344236,57.48707132446644,0.7169528845101603,13,15,17,19,24,29,42,55,170,280,420
,Aggregated,323849,6709,13,17.124552184169428,0.305800000205636,869.2146000103094,260.18789929874725,432.3733234557372,8.95723817910366,13,16,18,20,27,37,56,94,420,720,870
