Type,Name,Request Count,Failure Count,Median Response Time,Average Response Time,Min Response Time,Max Response Time,Average Content Size,Requests/s,Failures/s,50%,66%,75%,80%,90%,95%,98%,99%,99.9%,99.99%,100%
GET,/Categorias,43113,1913,12,19.837164919968746,0.3108999808318913,906.9494999712333,117.54770022962911,57.53417964783546,2.552893226319422,12,15,18,20,29,46,110,200,670,860,910
GET,/Mesas,10809,497,12,21.38517873974489,0.32220000866800547,1014.2347000073642,1371.532889258951,14.424580702188516,0.6632451298906182,12,16,19,21,30,47,110,230,810,920,1000
GET,/Pedidos/5925,32594,1565,13,21.292811186115035,0.3114999854005873,866.691900009755,342.7146100509296,43.496603146186736,2.088488185671665,13,16,19,21,30,47,120,250,660,860,870
GET,/Productos,43113,66,10,12.739204699280068,0.6325999856926501,725.640700024087,748.8518544290586,57.53417964783546,0.08807681805388491,10,13,14,16,20,25,36,48,200,400,730
PUT,Abrir Mesa,43113,91,16,19.87682402529899,0.6614000303670764,314.7069000406191,164.99241528077377,57.53417964783546,0.12143924913490192,16,20,23,26,35,44,58,72,170,300,310
POST,Agregar Item,107445,1836,15,17.460871786442333,0.7655000081285834,903.5673000034876,104.98290288054353,143.38505629999491,2.4501369385898895,15,18,20,22,28,35,47,58,170,560,900
PUT,Cerrar Mesa,43021,530,13,16.041164714671797,0.6981000187806785,561.4299000008032,59.529555333441806,57.411405901457314,0.7072835389175607,13,16,19,20,25,31,41,52,170,370,560
,Aggregated,323208,6498,13,17.798987459096505,0.3108999808318913,1014.2347000073642,260.83095096656024,431.32018499333384,8.671563086577942,13,17,19,21,28,37,56,95,420,810,1000
