Type,Name,Request Count,Failure Count,Median Response Time,Average Response Time,Min Response Time,Max Response Time,Average Content Size,Requests/s,Failures/s,50%,66%,75%,80%,90%,95%,98%,99%,99.9%,99.99%,100%
GET,/Categorias,282,19,7,9.585929431181388,0.6989999965298921,194.5082000165712,114.7127659574468,3.859692149869913,0.2600501803103842,7,11,12,12,14,16,24,35,190,190,190
GET,/Mesas,61,4,9,12.597677048360623,0.49259999650530517,197.98250001622364,728.4590163934427,0.8348979473122862,0.05474740638113352,9,12,13,14,15,18,34,200,200,200,200
GET,/Pedidos/296,181,7,8,10.03920220903723,0.48180000158026814,181.742699991446,339.34806629834253,2.4773201387462915,0.09580796116698365,8,11,12,14,16,17,21,25,180,180,180
GET,/Productos,282,0,6,6.625965957472873,3.658400004496798,22.91470000636764,750.0,3.859692149869913,0.0,6,6,7,8,10,11,13,19,23,23,23
PUT,Abrir Mesa,282,0,8,8.354739362686866,5.2835000096820295,19.639100006315857,162.2659574468085,3.859692149869913,0.0,8,8,9,9,10,11,16,17,20,20,20
POST,Agregar Item,726,0,7,7.208495040535773,4.493000014917925,25.158400007057935,97.6900826446281,9.936654258175734,0.0,7,7,8,8,9,9,10,13,25,25,25
PUT,Cerrar Mesa,282,0,7,7.325706737101943,5.21230002050288,21.40759999747388,57.216312056737586,3.859692149869913,0.0,7,7,8,8,9,9,11,12,21,21,21
,Aggregated,2096,30,7,8.021260304845255,0.48180000158026814,197.98250001622364,230.2118320610687,28.687640943713962,0.4106055478585014,7,8,8,9,11,14,17,20,180,200,200
