Type,Name,Request Count,Failure Count,Median Response Time,Average Response Time,Min Response Time,Max Response Time,Average Content Size,Requests/s,Failures/s,50%,66%,75%,80%,90%,95%,98%,99%,99.9%,99.99%,100%
GET,/Categorias,282,17,7,9.30605673799638,0.48550000065006316,37.78539999620989,115.58510638297872,3.8668067747520083,0.23310537294604305,7,11,13,14,16,19,32,33,38,38,38
GET,/Mesas,63,0,10,11.922576189381145,4.649000009521842,39.167000009911135,777.2539682539683,0.8638610879765125,0.0,10,12,14,17,19,28,33,39,39,39,39
GET,/Pedidos/296,203,16,7,9.280648276472483,0.5798999918624759,33.745699998689815,325.1773399014778,2.7835523945909846,0.21939329218451112,7,11,13,14,17,18,24,27,34,34,34
GET,/Productos,282,0,6,6.890932268732234,3.4556999744381756,30.628400010755286,750.0,3.8668067747520083,0.0,6,7,7,7,10,12,22,26,31,31,31
PUT,Abrir Mesa,282,0,8,8.269928724559499,5.350400024326518,27.132999995956197,162.31914893617022,3.8668067747520083,0.0,8,8,9,9,10,11,14,22,27,27,27
POST,Agregar Item,694,1,7,7.200474352839199,4.532699997071177,26.864000014029443,97.95100864553314,9.516184048503169,0.013712080761531945,7,7,8,8,9,10,11,13,27,27,27
PUT,Cerrar Mesa,282,1,7,7.184243262832132,5.3208999743219465,19.102799997199327,57.04255319148936,3.8668067747520083,0.013712080761531945,7,7,8,8,9,9,10,11,19,19,19
,Aggregated,2088,35,7,7.9300050293425475,0.48550000065006316,39.167000009911135,234.15277777777777,28.6308246300787,0.4799228266536181,7,8,8,9,12,15,19,27,37,39,39
