Type,Name,Request Count,Failure Count,Median Response Time,Average Response Time,Min Response Time,Max Response Time,Average Content Size,Requests/s,Failures/s,50%,66%,75%,80%,90%,95%,98%,99%,99.9%,99.99%,100%
GET,/Categorias,16774,852,120.0,193.3915086622711,0.3452999808359891,3699.81469999766,116.77339930845356,22.694098470379444,1.1526989326793422,120,200,270,320,480,630,860,1000,1700,2500,3700
GET,/Mesas,4170,202,120.0,190.92018577958092,0.3664999967440963,2919.982599996729,2052.6954436450837,5.641730691634809,0.27329246995449197,120,200,260,310,470,640,840,1000,1800,2900,2900
GET,/Pedidos/5925,12396,613,110.0,187.98560868827323,0.3251000016462058,2580.935000005411,342.1974830590513,16.770957710672683,0.8293479410005127,110,190,260,310,460,630,820,1000,1700,2200,2600
GET,/Productos,16772,599,110.0,176.7307086155253,0.6329000170808285,2335.5950999830384,723.2142857142857,22.69139260434029,0.810406878726439,110,180,240,280,430,580,810,970,1600,2300,2300
PUT,Abrir Mesa,16754,592,820.0,1025.7001919482109,0.6641999934799969,9148.012400022708,159.4980900083562,22.667039809987912,0.8009363475894021,820,1200,1400,1600,2200,2800,3700,4400,7000,9100,9100
POST,Agregar Item,40272,7477,600.0,684.5185711387232,0.8635000267531723,5467.558799980907,105.72683253873659,54.48531856439257,10.115880187374932,600,830,990,1100,1400,1700,2000,2300,3300,4900,5500
PUT,Cerrar Mesa,16075,2813,520.0,718.3924500156097,0.5922999989707023,8476.656499988167,49.72547433903577,21.748398289695338,3.8058005840692366,520,780,970,1100,1600,2100,2900,3600,5900,8100,8500
,Aggregated,123213,13148,310.0,532.6885550875395,0.3251000016462058,9148.012400022708,280.9729979791093,166.69893614110305,17.788363341394355,310,570,770,910,1300,1700,2300,2900,5100,7700,9100
