Type,Name,Request Count,Failure Count,Median Response Time,Average Response Time,Min Response Time,Max Response Time,Average Content Size,Requests/s,Failures/s,50%,66%,75%,80%,90%,95%,98%,99%,99.9%,99.99%,100%
GET,/Categorias,43534,3,6,6.826889146369018,2.428700012387708,226.8216000229586,122.99958653006846,58.151901433257464,0.004007343784163468,6,7,7,8,9,11,13,18,120,140,230
GET,/Mesas,10862,0,7,7.488911001749984,2.9752000118605793,136.62840001052245,1334.5247652366047,14.50925606119453,0.0,7,8,8,9,10,11,15,19,120,140,140
GET,/Pedidos/5925,32769,3,7,7.707592810267975,2.8403000032994896,144.47929998277687,359.9670420214227,43.772216154417556,0.004007343784163468,7,8,8,9,10,12,15,20,130,140,140
GET,/Productos,43534,0,7,7.659058958503017,2.931199996965006,219.55120001803152,754.0,58.151901433257464,0.0,7,8,9,9,10,12,14,16,130,140,220
PUT,Abrir Mesa,43534,0,10,11.31899628794961,5.8213000011164695,232.05799999414012,166.3373225524877,58.151901433257464,0.0,10,11,12,13,14,16,19,23,140,170,230
POST,Agregar Item,109043,896,10,10.99263266507039,5.171600001631305,234.810900001321,105.93089881973167,145.65759608551232,1.196860010203489,10,11,12,13,14,16,18,21,130,150,230
PUT,Cerrar Mesa,43534,182,10,11.06660635581948,5.234200012637302,193.36020000628196,61.01366747829283,58.151901433257464,0.2431121895725837,10,11,12,13,14,16,18,21,130,160,190
,Aggregated,326810,1084,9,9.601145601692963,2.428700012387708,234.810900001321,262.9025703007864,436.5466740341543,1.4479868873443997,9,10,11,12,13,15,17,20,130,150,230
