Type,Name,Request Count,Failure Count,Median Response Time,Average Response Time,Min Response Time,Max Response Time,Average Content Size,Requests/s,Failures/s,50%,66%,75%,80%,90%,95%,98%,99%,99.9%,99.99%,100%
GET,/Categorias,14330,892,8,10.408345232857423,0.31640008091926575,1176.7036998644471,115.34361479413818,19.65617253936853,1.2235384441812094,8,10,12,13,17,21,28,37,190,1200,1200
GET,/Mesas,3633,256,9,11.14358268757657,0.3542001359164715,1183.4880001842976,1054.1896504266447,4.983312968285127,0.3511500467605264,9,11,12,14,17,22,33,46,210,1200,1200
GET,/Pedidos/5925,10967,679,9,10.622570897153867,0.35239988937973976,1180.5663998238742,337.7113157654783,15.043213136026147,0.93137063183749,9,11,13,14,18,21,31,40,170,210,1200
GET,/Productos,14330,0,7,8.175384927026288,2.964099869132042,315.98509987816215,750.0,19.65617253936853,0.0,7,8,9,10,12,16,23,29,90,140,320
PUT,Abrir Mesa,14330,0,9,10.67102383636978,4.9643004313111305,333.0870997160673,165.340334961619,19.65617253936853,0.0,9,11,11,12,15,18,25,30,160,220,330
POST,Agregar Item,35782,182,9,9.841323383578297,4.444499965757132,214.94790026918054,103.87583142362081,49.08144911400452,0.24964573636881177,9,10,11,11,13,16,22,28,74,140,210
PUT,Cerrar Mesa,14330,25,9,9.797605022395501,4.768799990415573,127.957200165838,60.16427076064201,19.65617253936853,0.03429199675395766,9,10,11,11,13,16,22,27,52,130,130
,Aggregated,107702,2034,9,9.923166784103275,0.31640008091926575,1183.4880001842976,249.5988096785575,147.7326653757899,2.789996855901995,9,10,11,12,15,18,25,32,120,330,1200
