Type,Name,Request Count,Failure Count,Median Response Time,Average Response Time,Min Response Time,Max Response Time,Average Content Size,Requests/s,Failures/s,50%,66%,75%,80%,90%,95%,98%,99%,99.9%,99.99%,100%
GET,/Categorias,20445,2671,650.0,663.371884989056,0.37379999412223697,3237.6149000192527,106.95950110051358,27.28314843133193,3.5643575182238973,650,900,1000,1100,1300,1500,1700,1900,2500,3100,3200
GET,/Mesas,4915,623,630.0,643.3467571312691,0.37460000021383166,2836.6940999985673,2061.1613428280775,6.558898241134577,0.831372045620924,630,880,1000,1100,1300,1500,1700,1900,2300,2800,2800
GET,/Pedidos/5925,14991,1894,630.0,646.9211525983096,0.46189999557100236,3071.9513000221923,314.51671002601563,20.00497325185116,2.5274777759326326,630,880,1000,1100,1300,1500,1700,1900,2600,3100,3100
GET,/Productos,20433,5310,210.0,328.5229268388766,0.5073000211268663,3320.851099997526,555.0946997504037,27.267134844578397,7.086012138438374,210,330,440,540,850,1100,1300,1500,2200,3000,3300
PUT,Abrir Mesa,20389,4361,1600.0,1674.6383218255535,0.5380000220611691,16546.940400003223,129.97277943989405,27.208418359815443,5.819604319346468,1600,2000,2400,2600,3400,4200,5500,6700,10000,14000,17000
POST,Agregar Item,39880,18112,1300.0,1253.891102374575,0.3965000214520842,7720.167599996785,88.47670511534604,53.218486644241494,24.169840273332547,1300,1600,1900,2000,2400,2700,3100,3500,4700,6500,7700
PUT,Cerrar Mesa,15923,6393,1400.0,1475.9012676945727,0.5412999889813364,13872.112400014885,36.070212899579225,21.24869515637556,8.53123834294473,1400,1800,2000,2200,2800,3500,4600,5600,9300,14000,14000
,Aggregated,136976,39364,890.0,1027.8117718031008,0.37379999412223697,16546.940400003223,256.44913707510807,182.78975492932855,52.52990241383957,890,1300,1500,1700,2300,2800,3600,4300,7900,11000,17000
