Type,Name,Request Count,Failure Count,Median Response Time,Average Response Time,Min Response Time,Max Response Time,Average Content Size,Requests/s,Failures/s,50%,66%,75%,80%,90%,95%,98%,99%,99.9%,99.99%,100%
GET,/Categorias,116,3,8,9.171837069704358,0.4749000072479248,23.56660002260469,119.81896551724138,2.005297696731546,0.051861147329264126,8,12,12,13,15,18,18,20,24,24,24
GET,/Mesas,26,3,9,8.979296155023174,1.4474000199697912,18.368700024439022,625.0384615384615,0.4494632768536224,0.051861147329264126,10,11,13,13,14,18,18,18,18,18,18
GET,/Pedidos/296,88,4,10,10.61236590811115,3.1488999957218766,25.2152000030037,336.95454545454544,1.5212603216584142,0.06914819643901883,10,14,15,15,17,18,20,25,25,25,25
GET,/Productos,116,0,6,6.676587929491531,3.8674999959766865,14.698500017402694,750.0,2.005297696731546,0.0,6,7,8,9,10,11,13,13,15,15,15
PUT,Abrir Mesa,116,0,8,8.456486205526243,5.852100002812222,14.689299976453185,162.33620689655172,2.005297696731546,0.0,8,9,9,10,11,13,13,14,15,15,15
POST,Agregar Item,304,0,7,8.292714474296908,5.211600015172735,36.55999997863546,97.79934210526316,5.255262929365431,0.0,7,8,9,9,11,13,17,27,37,37,37
PUT,Cerrar Mesa,116,0,7,8.219407757960967,5.791000003227964,22.17799998470582,57.31896551724138,2.005297696731546,0.0,7,8,9,9,11,12,16,20,22,22,22
,Aggregated,882,10,7,8.45936065737175,0.4749000072479248,36.55999997863546,229.03968253968253,15.247177314803652,0.17287049109754707,7,9,10,10,13,15,18,20,37,37,37
