Type,Name,Request Count,Failure Count,Median Response Time,Average Response Time,Min Response Time,Max Response Time,Average Content Size,Requests/s,Failures/s,50%,66%,75%,80%,90%,95%,98%,99%,99.9%,99.99%,100%
GET,/Categorias,22703,3297,5100.0,3527.525745566624,0.4234999942127615,9376.71660000342,105.15301942474562,28.757170464920996,4.176205392364204,5100,6100,6400,6600,7000,7300,7600,7900,8400,9100,9400
GET,/Mesas,5738,802,5100.0,3510.413397978309,0.34899997990578413,8599.444599996787,2048.8394911118858,7.2681427180424025,1.0158679783670281,5100,6100,6400,6600,6900,7300,7600,7800,8300,8600,8600
GET,/Pedidos/5925,16982,2364,5100.0,3513.4039730067575,0.49849998322315514,9507.682399998885,309.8857613944176,21.51056110801605,2.994403866408547,5100,6100,6400,6600,7000,7300,7600,7800,8500,9100,9500
GET,/Productos,22671,6461,210.0,1118.3651607338036,0.36070001078769565,9030.54560002056,536.2577742490406,28.71663707925049,8.183943900535372,210,330,470,640,6000,6600,7000,7300,8000,8500,9000
PUT,Abrir Mesa,22585,5214,1700.0,3139.1282689616964,0.5299999902490526,21794.452200003434,127.17409785255701,28.60770360526101,6.604408527687886,1700,3100,6600,7200,8100,8900,10000,11000,15000,20000,22000
POST,Agregar Item,43234,20271,1300.0,2733.875373069807,0.5266000225674361,11360.783300013281,85.3122311144007,54.763137377456474,25.676633153962626,1300,2000,6400,6900,7700,8200,8700,9100,10000,11000,11000
PUT,Cerrar Mesa,17123,7177,2300.0,3887.343002499515,0.4370999813545495,27209.749799978454,35.01092098347252,21.68916133862671,9.09087840491292,2300,6700,7200,7500,8100,8800,9800,11000,16000,23000,27000
,Aggregated,151036,45586,1300.0,2919.196787344707,0.34899997990578413,27209.749799978454,256.38667602425915,191.31251369157414,57.74234122423858,1300,5300,6300,6700,7400,8000,8700,9300,13000,18000,27000
