Type,Name,Request Count,Failure Count,Median Response Time,Average Response Time,Min Response Time,Max Response Time,Average Content Size,Requests/s,Failures/s,50%,66%,75%,80%,90%,95%,98%,99%,99.9%,99.99%,100%
GET,/Categorias,16944,847,120.0,193.61958988439525,0.3420999855734408,2230.328700010432,116.87907223796034,22.934325261850862,1.146445555759424,120,200,280,330,490,640,840,1000,1600,2100,2200
GET,/Mesas,4138,219,110.0,189.76962085528828,0.3167999966535717,2353.978500002995,2067.6341227646208,5.600934722234353,0.29642452976542366,110,200,270,320,470,630,810,960,1600,2400,2400
GET,/Pedidos/5925,12294,590,120.0,190.36604106074375,0.32920000376179814,2095.2484000008553,342.7232796486091,16.640379766831593,0.7985866327013698,120,190,270,320,480,630,830,1000,1700,2100,2100
GET,/Productos,16939,722,110.0,173.3191389574476,0.6068999937269837,2343.0303999921307,718.0323513784757,22.927557578522883,0.9772534725599813,110,180,230,280,430,580,800,960,1500,2300,2300
PUT,Abrir Mesa,16906,692,820.0,1025.2778858629867,0.5533999938052148,12035.713099990971,158.57630427067312,22.88289086855823,0.9366473725921151,820,1200,1400,1600,2200,2800,3700,4400,8200,12000,12000
POST,Agregar Item,40464,7591,590.0,672.8806576932315,0.6324000132735819,5429.618099995423,105.45675168050613,54.769507636658005,10.27469682853576,590,830,980,1100,1400,1600,2000,2300,3100,4000,5400
PUT,Cerrar Mesa,16125,2791,510.0,704.588458641614,0.7350999803747982,12951.656099990942,49.841612403100775,21.825778732728114,3.7777208336771575,510,760,940,1100,1500,2000,2800,3400,7500,13000,13000
,Aggregated,123810,13452,310.0,527.1339131943855,0.3167999966535717,12951.656099990942,279.9793877715855,167.58137456738405,18.20777522559123,310,560,760,900,1300,1700,2300,2800,5400,10000,13000
