Type,Name,Request Count,Failure Count,Median Response Time,Average Response Time,Min Response Time,Max Response Time,Average Content Size,Requests/s,Failures/s,50%,66%,75%,80%,90%,95%,98%,99%,99.9%,99.99%,100%
GET,/Categorias,122358,7,32,109.22111536800797,2.342300009331666,11020.645500000683,122.99965674496151,149.33011166850406,0.008543052204837677,32,50,67,85,180,320,890,1700,7000,11000,11000
GET,/Mesas,31035,1,34,110.98019951661789,3.185299996403046,11021.681700003683,2013.8864830030611,37.876232168162474,0.0012204360292625252,34,52,69,88,190,330,900,1700,7100,11000,11000
GET,/Pedidos/5925,91685,2,34,113.42333072042899,3.1124999950407073,11027.556799992453,359.9921470251404,111.89567734293463,0.0024408720585250504,34,52,70,88,190,340,940,1700,7100,11000,11000
GET,/Productos,122311,2,30,100.62519978250793,3.061600000364706,11039.710099998047,753.9895675777321,149.27275117512875,0.0024408720585250504,30,43,57,73,160,310,790,1500,6000,11000,11000
PUT,Abrir Mesa,122276,393,54,292.8793236039787,5.659400005242787,58514.84289999644,165.80863783571593,149.23003591410455,0.47963135950017244,54,81,110,130,320,1000,3100,5400,19000,47000,59000
POST,Agregar Item,304651,36761,51,190.08526583664477,4.53370000468567,22619.831999996677,108.56236808676157,371.8070567508576,44.864448871719695,51,75,96,120,210,470,1300,3100,17000,19000,23000
PUT,Cerrar Mesa,121643,15616,50,192.7959938031539,5.096599998068996,40086.02629999223,53.405761120656344,148.45749990758137,19.058329032963595,50,75,96,120,210,450,1200,3400,16000,30000,40000
,Aggregated,915959,52782,43,171.06573130838308,2.342300009331666,58514.84289999644,286.71866863036445,1117.8693649272734,64.41705449653462,43,65,87,110,200,440,1200,3000,14000,28000,59000
