Type,Name,Request Count,Failure Count,Median Response Time,Average Response Time,Min Response Time,Max Response Time,Average Content Size,Requests/s,Failures/s,50%,66%,75%,80%,90%,95%,98%,99%,99.9%,99.99%,100%
GET,/Categorias,66611,4411,21,228.73212063017274,0.3223000094294548,1871.0086001083255,114.86192971130895,86.58082977341897,5.733407997636292,21,260,400,500,760,910,1100,1200,1400,1700,1900
GET,/Mesas,16456,1116,23,235.60815261913248,0.3375997766852379,1866.311900317669,1445.4831064657267,21.389472230583277,1.4505743199642036,23,270,410,520,770,920,1100,1200,1400,1800,1900
GET,/Pedidos/5925,49983,3260,23,232.62046494357438,0.3061997704207897,1813.6259000748396,336.52001680571396,64.96779232506343,4.237340755450989,23,270,410,510,760,910,1100,1200,1400,1700,1800
GET,/Productos,66604,363,11,50.02334768159062,0.5363002419471741,1792.0073000714183,745.9124076632035,86.57173118897475,0.4718265933216899,11,14,18,21,42,300,730,900,1300,1500,1800
PUT,Abrir Mesa,66597,491,17,24.488962460682092,0.6395000964403152,1547.969099599868,164.12830908299173,86.56263260453052,0.6382007088731397,17,21,25,29,43,63,99,150,470,1300,1500
POST,Agregar Item,165127,4501,16,27.891086209350743,0.9445999749004841,1525.9954002685845,103.88439201341997,214.63170764581457,5.850389797633405,16,21,24,27,40,59,110,290,1100,1400,1500
PUT,Cerrar Mesa,66093,1278,16,30.284592450914275,0.5147000774741173,1689.040900208056,59.10905844794456,85.90753452454669,1.6611415599590074,16,20,23,26,38,63,150,430,1200,1500,1700
,Aggregated,497471,15420,16,85.05044352213207,0.3061997704207897,1871.0086001083255,261.18152414914636,646.6117002929323,20.042881732838726,16,22,29,38,290,590,870,1000,1300,1600,1900
