Type,Name,Request Count,Failure Count,Median Response Time,Average Response Time,Min Response Time,Max Response Time,Average Content Size,Requests/s,Failures/s,50%,66%,75%,80%,90%,95%,98%,99%,99.9%,99.99%,100%
GET,/Categorias,68550,4334,23,662.8426240058161,0.31239999225363135,2948.404800001299,115.23199124726477,87.97713540840712,5.56225973537617,23,1200,1500,1600,2000,2100,2300,2400,2800,2900,2900
GET,/Mesas,17189,1101,25,657.5357695096371,0.3223999810870737,2943.6745999846607,1454.2215952062365,22.060379001241575,1.413024450542031,25,1200,1500,1600,2000,2100,2300,2400,2800,2900,2900
GET,/Pedidos/5925,51570,3195,25,664.4911517781738,0.3249000001233071,2975.824499997543,337.69633507853405,66.18498720658724,4.100466048575649,25,1200,1500,1600,2000,2100,2300,2400,2800,2900,3000
GET,/Productos,68529,488,10,104.88586213856465,0.8266999793704599,2951.562600006582,744.6591953771396,87.95018398836953,0.6262996656353417,10,13,16,19,45,880,1900,2100,2500,2800,3000
PUT,Abrir Mesa,68529,547,16,25.564549959804573,0.8209000225178897,1972.3134999803733,164.02638299114244,87.95018398836953,0.7020203219314178,16,20,23,27,42,64,140,230,480,1300,2000
POST,Agregar Item,170132,4788,16,40.7160504561246,0.7287999906111509,2957.7506000059657,104.7664636870195,218.3475711349835,6.144923768569705,16,20,23,26,39,59,170,1100,2300,2700,3000
PUT,Cerrar Mesa,67974,1364,16,48.03522272335413,0.83710000035353,2914.999800006626,59.06481890134463,87.23789645880474,1.7505589014889469,16,19,22,25,38,63,250,1500,2400,2700,2900
,Aggregated,512473,15817,16,214.9185196706707,0.31239999225363135,2975.824499997543,262.2988567202565,657.7083371867633,20.299552892119262,16,21,28,40,1200,1700,2100,2200,2600,2900,3000
