Type,Name,Request Count,Failure Count,Median Response Time,Average Response Time,Min Response Time,Max Response Time,Average Content Size,Requests/s,Failures/s,50%,66%,75%,80%,90%,95%,98%,99%,99.9%,99.99%,100%
GET,/Categorias,14264,871,9,12.50385912806525,0.3108000091742724,512.0692999917082,115.48927369601795,19.567925080532945,1.1948725985098285,9,11,13,15,21,38,61,81,160,270,510
GET,/Mesas,3502,223,9,12.782545345315807,0.3318000235594809,199.4667999970261,993.7781267846945,4.804183513181882,0.30592030937737286,9,11,14,15,23,40,59,79,170,200,200
GET,/Pedidos/5925,10910,688,9,12.922030100899306,0.3201999934390187,505.5134000140242,337.2978918423465,14.966773880301066,0.9438258872270516,9,11,13,15,22,39,60,86,160,500,510
GET,/Productos,14264,0,7,9.840080208955909,3.0897000106051564,286.37309998157434,750.0,19.567925080532945,0.0,7,8,9,11,19,24,40,50,210,280,290
PUT,Abrir Mesa,14264,0,9,12.24421125929295,5.039500014390796,276.105800003279,165.33307627593942,19.567925080532945,0.0,9,11,12,13,22,27,41,53,130,280,280
POST,Agregar Item,35513,199,9,11.208934990067439,4.0997999894898385,274.62839998770505,103.8998113366936,48.718152228334716,0.2729961505206152,9,10,11,12,19,24,38,50,130,160,270
PUT,Cerrar Mesa,14264,31,9,11.205824957865401,4.641700012143701,164.52920000301674,60.13453449242849,19.567925080532945,0.04252703852331192,9,10,11,12,19,24,36,46,130,160,160
,Aggregated,106981,2012,9,11.562913020136182,0.3108000091742724,512.0692999917082,246.87873547639302,146.76080994394943,2.7601419841581802,9,10,11,13,20,26,45,62,150,270,510
