Type,Name,Request Count,Failure Count,Median Response Time,Average Response Time,Min Response Time,Max Response Time,Average Content Size,Requests/s,Failures/s,50%,66%,75%,80%,90%,95%,98%,99%,99.9%,99.99%,100%
GET,/Categorias,21974,2850,5400.0,4691.41813131348,0.45689987018704414,25656.69360011816,107.06835350869208,27.503872579409432,3.5672174775333065,5400,8100,8500,8700,9300,10000,12000,15000,24000,25000,26000
GET,/Mesas,5530,737,5100.0,4604.837800561035,0.3557000309228897,24527.66379993409,2063.5875226039784,6.921653561669889,0.9224699231375603,5100,8000,8400,8600,9400,10000,12000,15000,24000,25000,25000
GET,/Pedidos/5925,16410,2162,5300.0,4658.033098926838,0.4496998153626919,24571.26160012558,312.57038391224864,20.539662739060198,2.7060786619042134,5300,8000,8400,8700,9300,10000,12000,15000,23000,24000,25000
GET,/Productos,21947,5428,220.0,1279.9896487181175,0.39270007982850075,23836.277899798006,564.5076775869139,27.47007788751701,6.793984725631855,220,330,460,590,7100,8400,9100,9500,16000,24000,24000
PUT,Abrir Mesa,21868,4772,1600.0,3417.4970721375084,0.4317997954785824,28249.382499605417,129.26467898298884,27.371197122350296,5.9728988781715575,1600,2700,6000,8200,9800,11000,12000,14000,21000,25000,28000
POST,Agregar Item,42495,19099,1300.0,3190.3746496881395,0.37979986518621445,29343.446800019592,88.70573008589245,53.18909007290451,23.905363720494254,1300,2000,7000,8600,9500,10000,11000,12000,18000,25000,29000
PUT,Cerrar Mesa,16815,6814,2200.0,4592.586048854105,0.5177999846637249,28642.564000096172,35.85090692833779,21.04658311744651,8.52877890944279,2200,8200,9000,9300,10000,11000,13000,14000,24000,28000,29000
,Aggregated,147039,41862,1200.0,3540.6753456693223,0.3557000309228897,29343.446800019592,261.71309652541163,184.04213708035783,52.39679229631553,1200,5000,8000,8500,9400,10000,12000,13000,23000,25000,29000
