Type,Name,Request Count,Failure Count,Median Response Time,Average Response Time,Min Response Time,Max Response Time,Average Content Size,Requests/s,Failures/s,50%,66%,75%,80%,90%,95%,98%,99%,99.9%,99.99%,100%
GET,/Categorias,58473,0,6,6.613760995656643,2.408200001809746,142.1623000060208,123.0,77.03088440145324,0.0,6,7,7,8,9,10,13,18,130,140,140
GET,/Mesas,14476,2,6,7.183463836774586,3.011799999512732,280.1485999953002,1377.3915446255871,19.070324467625007,0.002634750548165931,6,7,8,8,9,11,14,19,130,140,280
GET,/Pedidos/5925,43400,4,6,7.385431755712556,2.8852000104961917,155.29830000014044,359.9668202764977,57.1740868952007,0.005269501096331862,6,7,8,8,10,11,15,19,130,140,160
GET,/Productos,58473,0,7,7.431132544964436,2.9458999924827367,145.33050000318326,754.0,77.03088440145324,0.0,7,8,8,9,10,12,14,18,130,140,150
PUT,Abrir Mesa,58471,0,10,11.279034517970038,5.732699995860457,627.1012999932282,165.33252381522465,77.02824965090507,0.0,10,11,12,12,14,16,20,27,150,290,630
POST,Agregar Item,146929,1274,10,11.414569926975108,4.845200004638173,1001.561999990372,104.94832197864275,193.56063164573604,1.678336099181698,10,11,12,13,14,16,19,25,140,160,1000
PUT,Cerrar Mesa,58466,300,11,11.60592449110099,5.172899996978231,1034.8629000072833,59.959275476345226,77.02166277453466,0.39521258222488964,11,12,12,13,15,16,19,24,140,160,1000
,Aggregated,438688,1580,9,9.71292210887295,2.408200001809746,1034.8629000072833,263.13733222700415,577.916724236908,2.0814529330510854,9,10,11,12,13,15,18,23,140,160,1000
