Type,Name,Request Count,Failure Count,Median Response Time,Average Response Time,Min Response Time,Max Response Time,Average Content Size,Requests/s,Failures/s,50%,66%,75%,80%,90%,95%,98%,99%,99.9%,99.99%,100%
GET,/Categorias,23030,3758,6900.0,6161.9547077421175,0.3853999951388687,34299.6650999994,102.95445071645679,28.109344842135716,4.586839683749284,6900,8600,9400,10000,15000,21000,22000,24000,33000,34000,34000
GET,/Mesas,5780,885,7100.0,6241.415248754338,0.40099999750964344,34224.508399987826,2021.3103806228373,7.054798662073141,1.0801897605423407,7100,8700,9400,10000,15000,21000,22000,24000,34000,34000,34000
GET,/Pedidos/5925,17727,2911,7000.0,6184.468191622994,0.4033000150229782,34231.07949999394,300.88339820612623,21.63675015269387,3.5530309524731685,7000,8700,9400,10000,15000,21000,22000,24000,34000,34000,34000
GET,/Productos,22962,5532,230.0,1994.8564891342182,0.4115000192541629,34226.65609998512,569.3101646198066,28.026347210817207,6.752101418440937,230,370,540,790,8600,10000,17000,21000,26000,34000,34000
PUT,Abrir Mesa,22851,5154,1600.0,3876.3025725701423,0.4785000055562705,34217.309400002705,128.0575904774408,27.890865783223763,6.290732232582174,1600,2600,6000,8800,11000,14000,20000,21000,28000,34000,34000
POST,Agregar Item,43847,19977,1300.0,3670.650371165585,0.4862000059802085,34316.210100019816,87.9428695235706,53.51760500621471,24.382995306615076,1300,2000,7800,9000,10000,12000,19000,21000,26000,34000,34000
PUT,Cerrar Mesa,17341,7188,2400.0,5461.159509053868,0.5863999831490219,34229.85030000564,35.29283201660804,21.165616539621166,8.773337851726945,2400,8700,9500,9900,12000,16000,21000,22000,28000,34000,34000
,Aggregated,153538,45405,1300.0,4413.562266997783,0.3853999951388687,34316.210100019816,259.5758900076854,187.40132819677956,55.419227206129925,1300,6700,8600,9200,11000,16000,21000,23000,28000,34000,34000
