Type,Name,Request Count,Failure Count,Median Response Time,Average Response Time,Min Response Time,Max Response Time,Average Content Size,Requests/s,Failures/s,50%,66%,75%,80%,90%,95%,98%,99%,99.9%,99.99%,100%
GET,/Categorias,72392,4112,28,2470.717784556498,0.3172997385263443,26234.463800210506,116.01983644601613,88.3841695671674,5.0203849218172225,28,5300,5500,5600,5900,6500,8400,9100,21000,22000,26000
GET,/Mesas,17986,1050,32,2512.8580703082316,0.3249999135732651,26225.623599719256,1491.6922050483709,21.959300390030293,1.2819562665146118,32,5300,5500,5600,6000,6600,8500,9400,21000,22000,26000
GET,/Pedidos/5925,53919,3075,29,2483.0180248140955,0.3130999393761158,26234.72380032763,339.46920380570856,65.83028565162033,3.7543004947927914,29,5300,5500,5600,5900,6600,8500,9100,21000,22000,26000
GET,/Productos,72341,632,11,306.4668883217729,0.5924999713897705,23535.912800114602,743.4476990918014,88.32190311993669,0.7716155813687948,11,14,17,20,44,920,5800,6300,12000,21000,24000
PUT,Abrir Mesa,72341,542,17,39.52718752306788,0.34319981932640076,6823.727599810809,164.1014639001396,88.32190311993669,0.6617336156675424,17,21,25,28,43,73,240,700,1800,5600,6800
POST,Agregar Item,179318,4897,16,92.43418591549191,0.4898998886346817,22724.401500076056,103.8484257018258,218.9312702846354,5.9787998448781465,16,20,24,27,40,63,250,5300,6600,13000,23000
PUT,Cerrar Mesa,71777,1447,16,126.51932144860054,1.0755001567304134,21046.70590022579,59.05703776975911,87.63330946820884,1.7666578263301362,16,20,23,26,39,72,860,5500,7300,20000,21000
,Aggregated,540074,15755,16,756.6077317523732,0.3130999393761158,26234.72380032763,263.0124149653566,659.3821416015356,19.235448551369245,16,22,30,42,5300,5700,6300,6900,15000,21000,26000
