Type,Name,Request Count,Failure Count,Median Response Time,Average Response Time,Min Response Time,Max Response Time,Average Content Size,Requests/s,Failures/s,50%,66%,75%,80%,90%,95%,98%,99%,99.9%,99.99%,100%
GET,/Categorias,14268,997,10,10.565720906823245,0.30830001924186945,166.90049998578615,114.40517241379311,19.573850501367613,1.3677550427434477,10,12,13,14,17,20,24,28,130,160,170
GET,/Mesas,3678,249,10,11.270632816761514,0.3266999847255647,229.1970000078436,1023.7601957585645,5.045740268014444,0.341595793022185,10,13,14,15,18,21,26,33,150,230,230
GET,/Pedidos/5925,10738,701,11,11.667062162503193,0.3234999894630164,162.98250001273118,336.4984168373999,14.731147090249891,0.9616813289500068,11,13,14,15,19,22,26,31,140,160,160
GET,/Productos,14268,0,8,9.39360058866017,3.0509000062011182,299.502100009704,750.0,19.573850501367613,0.0,8,10,11,11,14,17,22,25,140,300,300
PUT,Abrir Mesa,14268,0,13,14.727576871274609,5.168600007891655,297.0140000106767,165.33228202971685,19.573850501367613,0.0,13,16,17,18,23,28,35,41,150,170,300
POST,Agregar Item,35534,226,11,12.961660823502624,4.498999973293394,303.18950000219047,103.9275623346654,48.74805184437881,0.3100427679639109,11,14,16,17,19,23,30,36,140,170,300
PUT,Cerrar Mesa,14268,40,11,12.641744154909409,4.5270000118762255,235.4056999902241,60.10043453882815,19.573850501367613,0.05487482618830281,11,13,15,16,19,22,27,32,150,170,240
,Aggregated,107022,2213,10,12.171320179051984,0.30830001924186945,303.18950000219047,248.74772476687036,146.8203412081136,3.0359497588678535,10,13,15,16,19,22,29,34,140,170,300
