Type,Name,Request Count,Failure Count,Median Response Time,Average Response Time,Min Response Time,Max Response Time,Average Content Size,Requests/s,Failures/s,50%,66%,75%,80%,90%,95%,98%,99%,99.9%,99.99%,100%
GET,/Categorias,107063,9,31,220.90988206383176,2.3449000000255182,91036.33400000035,122.99840280956073,130.68175337927275,0.010985455109734032,31,45,59,73,210,680,1800,3900,22000,44000,91000
GET,/Mesas,26632,1,32,269.24856715229447,2.960599998914404,93064.92470000012,1994.1276659657556,32.50718227582631,0.0012206061233037814,32,46,60,74,210,690,2000,4100,35000,76000,93000
GET,/Pedidos/5925,80716,3,32,233.44822813816086,2.83060000219848,73727.84780000075,359.9866197532088,98.52244384858803,0.0036618183699113445,32,47,60,74,210,680,1900,4100,25000,48000,74000
GET,/Productos,107058,1,29,209.16983632610848,2.793199997540796,75419.03649999949,753.9929570886809,130.67565034865623,0.0012206061233037814,29,42,55,68,200,630,1700,3400,23000,55000,75000
PUT,Abrir Mesa,107054,245,49,505.1568081463552,5.54310000006808,47805.71119999877,165.95963719244494,130.67076792416302,0.29904850020942647,49,70,90,110,380,2100,6600,13000,28000,40000,48000
POST,Agregar Item,267539,30165,46,297.4235826066524,4.815999996935716,94091.37310000006,108.36085206268993,326.55974162257036,36.81958370945857,46,65,84,100,250,960,3300,5900,23000,34000,94000
PUT,Cerrar Mesa,106784,12602,46,258.8413975576876,4.933500000333879,90379.1440999994,54.03881667665568,130.341204270871,15.382078365874253,46,65,83,100,230,950,2800,4900,22000,34000,90000
,Aggregated,802846,43026,40,290.65324939864064,2.3449000000255182,94091.37310000006,284.7142814437638,979.9587436699477,52.5177990612685,40,58,75,93,230,860,3000,5800,25000,43000,94000
