Type,Name,Request Count,Failure Count,Median Response Time,Average Response Time,Min Response Time,Max Response Time,Average Content Size,Requests/s,Failures/s,50%,66%,75%,80%,90%,95%,98%,99%,99.9%,99.99%,100%
GET,/Categorias,76498,5391,62,1243.3051171656398,0.3244001418352127,5460.90569999069,114.33800883683233,95.69219843783758,6.7436618183270465,62,1100,3000,3600,4000,4300,4400,4500,4700,4900,5500
GET,/Mesas,19116,1346,69,1236.8189464626014,0.3353999927639961,4789.919599890709,1534.1752458673363,23.912416864986053,1.683726360131368,69,1100,2900,3500,4000,4300,4400,4500,4700,4800,4800
GET,/Pedidos/5925,57859,4109,62,1238.4274250655976,0.32670004293322563,5666.727599687874,334.4337095352495,72.37646617447311,5.139993769524361,62,1100,2900,3500,4000,4300,4400,4500,4700,4900,5700
GET,/Productos,76481,1640,12,201.2697976467837,0.49920007586479187,4710.322299972177,733.9175742994993,95.6709329488909,2.051494227797506,12,19,33,46,180,800,3800,4100,4500,4600,4700
PUT,Abrir Mesa,76480,1852,18,75.39680203641852,0.4805000498890877,6351.917200256139,161.34577667364016,95.66968203777638,2.316687384073769,18,26,40,53,100,470,760,900,3000,5200,6400
POST,Agregar Item,186182,8480,18,80.94651301127826,0.7792999967932701,5547.8497999720275,103.0125468627472,232.89713312182639,10.60772625105052,18,25,35,45,76,170,700,1600,4500,4700,5500
PUT,Cerrar Mesa,74588,2707,17,98.99048490180508,0.9151999838650227,7758.006599731743,58.08841904864053,93.30295820912218,3.386216386980396,17,23,33,44,79,220,870,3400,4600,6200,7800
,Aggregated,567204,25525,18,412.5878996045154,0.3244001418352127,7758.006599731743,263.4081899986601,709.5217877949126,31.929506197884965,18,33,58,93,1200,3800,4200,4400,4700,4800,7800
