Type,Name,Request Count,Failure Count,Median Response Time,Average Response Time,Min Response Time,Max Response Time,Average Content Size,Requests/s,Failures/s,50%,66%,75%,80%,90%,95%,98%,99%,99.9%,99.99%,100%
GET,/Categorias,21121,3096,1600.0,1385.7469726858797,0.4042000218760222,4610.055899975123,104.98679039818191,27.821489474954376,4.078184338547358,1600,2200,2400,2500,2800,3000,3300,3400,4100,4500,4600
GET,/Mesas,5359,783,1700.0,1371.4324064566647,0.5033999914303422,5131.300500012003,1993.4959880574734,7.059105255256878,1.0314012716675005,1700,2100,2400,2500,2800,3000,3200,3500,4000,5100,5100
GET,/Pedidos/5925,16078,2233,1600.0,1373.035024219609,0.34830000367946923,4683.30249999417,310.0012439358129,21.17863300877404,2.941403626607316,1600,2200,2400,2500,2800,3000,3200,3400,3900,4500,4700
GET,/Productos,21109,6070,210.0,534.8901254297172,0.5022000113967806,5668.555500014918,534.3336965275475,27.805682558913496,7.99566503067909,210,340,480,650,2000,2500,2800,3000,3600,4600,5700
PUT,Abrir Mesa,21039,4673,1700.0,2054.9857652692754,0.516800006153062,17137.123099993914,128.62911735348638,27.71347554867502,6.155476554919834,1700,2700,3300,3500,4300,5100,6200,7400,12000,15000,17000
POST,Agregar Item,41041,19246,1300.0,1626.775469065212,0.467099976958707,7122.9363000020385,86.4967958870398,54.06097010281722,25.351658843566685,1300,2000,2800,3100,3600,4100,4500,4800,5800,6600,7100
PUT,Cerrar Mesa,16241,6784,2100.0,2112.649245144898,0.5868000152986497,15826.418199983891,35.10424234960902,21.393343618329343,8.936176535111525,2100,2900,3300,3500,4100,4800,5800,7000,11000,16000,16000
,Aggregated,141988,42885,1300.0,1509.2500407442644,0.34830000367946923,17137.123099993914,253.47418091669718,187.03269956772039,56.48996620109931,1300,2100,2500,2800,3400,4000,4700,5300,9000,13000,17000
