Type,Name,Request Count,Failure Count,Median Response Time,Average Response Time,Min Response Time,Max Response Time,Average Content Size,Requests/s,Failures/s,50%,66%,75%,80%,90%,95%,98%,99%,99.9%,99.99%,100%
GET,/Categorias,101849,4,37,258.8556466877751,2.613000004203059,14988.953600011882,122.99976435703836,124.3616776743321,0.004884159006935055,37,70,120,190,390,950,2500,6000,12000,15000,15000
GET,/Mesas,25449,1,39,259.1479584895134,2.6520999963395298,14998.908000008669,2040.6776297693425,31.074240641872553,0.0012210397517337637,39,72,120,190,390,920,2700,5900,12000,15000,15000
GET,/Pedidos/5925,76069,5,38,260.66210323391084,3.012499990290962,15002.244000002975,359.9763372727392,92.88327287463568,0.006105198758668819,38,70,120,180,390,930,2600,6100,12000,15000,15000
GET,/Productos,101836,0,35,258.182183311403,3.0578000005334616,14991.057599996566,754.0,124.34580415755957,0.0,35,60,110,160,370,920,3000,5900,12000,15000,15000
PUT,Abrir Mesa,101683,345,60,811.8745530137542,6.007000003592111,31089.340299993637,164.78292339919162,124.1589850755443,0.4212587143481485,60,110,170,270,980,3700,14000,17000,25000,28000,31000
POST,Agregar Item,253074,37607,54,263.89261466884165,4.781699986779131,29847.85850001208,108.35933363364076,309.0134141302705,45.91964194345165,54,96,150,200,500,830,1800,3200,18000,29000,30000
PUT,Cerrar Mesa,101313,16551,54,295.01637696646446,5.327400009264238,31130.300699995132,50.42469377078953,123.7072003674028,20.209428930945524,54,94,140,180,440,960,2200,4900,23000,31000,31000
,Aggregated,761273,54513,48,339.3092694002113,2.613000004203059,31130.300699995132,286.2510833827024,929.5445949216175,66.56253998626266,48,85,140,190,460,1000,3100,8000,20000,29000,31000
