run;read_iops;write_iops;read_bw_MBps;write_bw_MBps;read_lat_avg_ms;write_lat_avg_ms
1;11.4;11.4;44.5;44.5;0.08259;0.00289591
2;11.4;11.4;44.6;44.6;0.08241;0.00294918
3;11.5;11.5;44.8;44.8;0.08211;0.00291064
4;11.5;11.5;44.8;44.8;0.08198;0.00287134
5;11.6;11.6;45.2;45.2;0.08128;0.00287227
6;11.6;11.6;45.2;45.2;0.08136;0.00279281
7;11.6;11.6;45.2;45.2;0.08145;0.00279095
8;11.7;11.7;45.7;45.7;0.08045;0.00279488
9;11.5;11.5;45.0;45.0;0.08171;0.00277391
10;11.5;11.5;45.0;45.0;0.08179;0.00284209
