Type,Name,Request Count,Failure Count,Median Response Time,Average Response Time,Min Response Time,Max Response Time,Average Content Size,Requests/s,Failures/s,50%,66%,75%,80%,90%,95%,98%,99%,99.9%,99.99%,100%
GET,/Categorias,20690,2424,3100.0,2315.7313049193344,0.3550001420080662,7638.563900254667,108.61783470275495,26.889749018732456,3.1503504891932077,3100,4000,4200,4300,4600,4800,5100,5400,6100,6900,7600
GET,/Mesas,5169,617,3100.0,2317.9179191287385,0.6066998466849327,6146.310099866241,2075.334494099439,6.717888481287002,0.8018837672575121,3100,3900,4200,4300,4600,4800,5100,5300,5800,6100,6100
GET,/Pedidos/5925,15453,1891,3200.0,2317.9904247720883,0.33960025757551193,6714.942300226539,315.9464181712289,20.0834843686067,2.457637283442391,3200,4000,4200,4300,4600,4800,5100,5300,5900,6700,6700
GET,/Productos,20640,4969,220.0,698.9228298976952,0.5091000348329544,7000.368100125343,569.4404069767442,26.824766541645136,6.457958572937726,220,330,440,550,3400,4200,4600,4800,5600,6400,7000
PUT,Abrir Mesa,20574,4261,1600.0,2416.4712164711873,0.5334001034498215,17556.510500144213,131.1031884903276,26.738989671889875,5.537806697381295,1600,2600,4200,4800,5800,6600,7800,9100,14000,17000,18000
POST,Agregar Item,40461,17874,1300.0,2101.657266206559,0.4477999173104763,13844.106500037014,89.94468747682954,52.585120108599995,23.229935909174667,1300,2000,4100,4700,5400,5800,6300,6700,7700,9400,14000
PUT,Cerrar Mesa,16147,6474,2100.0,2867.382355342428,0.5272999405860901,21573.260799981654,36.105034991020005,20.985441150578684,8.413931133266018,2100,4500,5000,5200,5800,6500,7500,8600,13000,21000,22000
,Aggregated,139134,38510,1200.0,2092.8797275520765,0.33960025757551193,21573.260799981654,262.5514539939914,180.82543934133983,50.04950385265282,1200,3200,4100,4400,5100,5700,6400,7000,11000,15000,22000
