Type,Name,Request Count,Failure Count,Median Response Time,Average Response Time,Min Response Time,Max Response Time,Average Content Size,Requests/s,Failures/s,50%,66%,75%,80%,90%,95%,98%,99%,99.9%,99.99%,100%
GET,/Categorias,19693,2342,720.0,698.5185370070532,0.4032999277114868,3384.390499908477,108.40186868430406,26.281278132479823,3.125514314033806,720,960,1100,1200,1400,1500,1800,2000,2600,3200,3400
GET,/Mesas,5017,585,730.0,692.8882372766237,0.403400044888258,3019.894099794328,2084.1162049033287,6.695433524127927,0.7807113038897424,730,950,1100,1100,1400,1500,1800,2000,2500,3000,3000
GET,/Pedidos/5925,14855,1726,700.0,682.1380771047683,0.3442000597715378,3373.791300226003,318.17165937394816,19.824728921849783,2.3034319837840944,700,940,1100,1100,1300,1500,1700,1900,2600,3200,3400
GET,/Productos,19681,4551,220.0,341.355873555559,0.40110014379024506,3620.234999805689,576.5713124333113,26.2652635416308,6.07353357949097,220,330,450,550,890,1100,1400,1600,2200,2900,3600
PUT,Abrir Mesa,19632,3936,1600.0,1721.4084513002374,0.5962001159787178,17686.655699741095,132.18770374898125,26.199870628997303,5.252785798478677,1600,2000,2400,2600,3400,4300,5700,7100,14000,17000,18000
POST,Agregar Item,39052,17320,1300.0,1292.8643622649097,0.5006999708712101,8238.463600166142,90.55661681860084,52.11681681966191,23.114392792086047,1300,1700,1900,2100,2400,2800,3200,3500,4500,6600,8200
PUT,Cerrar Mesa,15601,6118,1500.0,1540.6732475435513,0.5972003564238548,18851.906300056726,36.63233126081661,20.820302652963882,8.164772234525545,1500,1800,2100,2300,2900,3600,5000,5900,11000,17000,19000
,Aggregated,133531,36578,940.0,1066.4430360332433,0.3442000597715378,18851.906300056726,264.86535710808727,178.20369422171143,48.81514200628888,940,1300,1600,1800,2300,2800,3600,4500,8900,15000,19000
