Type,Name,Request Count,Failure Count,Median Response Time,Average Response Time,Min Response Time,Max Response Time,Average Content Size,Requests/s,Failures/s,50%,66%,75%,80%,90%,95%,98%,99%,99.9%,99.99%,100%
GET,/Categorias,72042,7,12,19.828527557573786,2.768799982732162,311.78239997825585,122.99941700674607,93.676342677613,0.00910211263906181,12,15,19,23,46,72,99,110,180,270,310
GET,/Mesas,17913,0,13,20.90299278179638,3.7422000023070723,574.3570000049658,1544.666778317423,23.29230624335917,0.0,13,16,20,24,48,72,100,110,180,290,570
GET,/Pedidos/5925,54249,3,13,21.226702073744367,3.816800017375499,572.3450999939814,359.98009179892716,70.54007265092345,0.0039009054167407757,13,17,20,24,48,74,100,110,190,290,570
GET,/Productos,72038,0,13,20.881918830300705,3.7945000221952796,577.1220000169706,754.0,93.67114147039067,0.0,13,16,20,24,47,72,100,110,170,280,580
PUT,Abrir Mesa,72032,0,17,25.98877064505285,6.757299997843802,577.5609999836888,166.34039038205242,93.66333965955718,0.0,17,22,27,31,55,80,110,120,190,290,580
POST,Agregar Item,180030,2549,18,26.373511578599498,6.335499987471849,430.33520001336,106.08513581069822,234.09333405861395,3.314469302424079,18,22,27,31,54,79,110,120,190,290,430
PUT,Cerrar Mesa,72024,645,18,26.638413395649973,6.84650000766851,543.3992000180297,60.722481395090526,93.65293724511254,0.8386946645992668,18,23,27,32,54,79,110,120,190,290,540
,Aggregated,540328,3204,16,24.054634637677488,2.768799982732162,577.5609999836888,269.89118831524553,702.58947400557,4.1661669850791485,16,20,24,29,52,76,100,120,190,290,580
