Type,Name,Request Count,Failure Count,Median Response Time,Average Response Time,Min Response Time,Max Response Time,Average Content Size,Requests/s,Failures/s,50%,66%,75%,80%,90%,95%,98%,99%,99.9%,99.99%,100%
GET,/Categorias,20875,2834,1700.0,1433.140909255082,0.4256000102031976,4574.419400014449,106.31267065868263,27.49366078241142,3.7325525584361183,1700,2300,2500,2600,2900,3100,3300,3500,4000,4500,4600
GET,/Mesas,5219,699,1600.0,1394.7117253687686,0.45640001189894974,4702.935900015291,2055.1076834642654,6.873744461001447,0.9206260544625429,1600,2200,2400,2500,2800,3100,3300,3500,4100,4700,4700
GET,/Pedidos/5925,15871,2197,1700.0,1420.0939706257825,0.5332000146154314,5669.858800014481,310.16571104530277,20.90308456419888,2.89358432282433,1700,2200,2400,2600,2800,3100,3300,3500,4100,4700,5700
GET,/Productos,20858,5836,210.0,523.8969935037017,0.39110000943765044,5073.479999991832,540.1524594879662,27.471270735307183,7.6863714647258945,210,330,460,600,2100,2500,2800,3100,3700,4400,5100
PUT,Abrir Mesa,20796,4573,1700.0,2075.9199282024456,0.4801000177394599,18497.88709997665,128.98547797653396,27.389612916456425,6.022922671040356,1700,2700,3300,3600,4400,5100,6400,7600,13000,16000,18000
POST,Agregar Item,40378,18825,1400.0,1659.6341704122494,0.4792999825440347,7522.027200000593,87.51104561890138,53.1803130573513,24.793684513959043,1400,2100,2800,3200,3700,4100,4600,4900,6000,6900,7500
PUT,Cerrar Mesa,16088,6581,2100.0,2130.495655034751,0.41969999438151717,15334.382700006245,35.614992541024364,21.188886930176523,8.66758235252932,2100,3000,3300,3500,4100,4800,5700,6600,11000,14000,15000
,Aggregated,140085,41545,1300.0,1535.642826367582,0.39110000943765044,18497.88709997665,256.43645643716314,184.5005734469032,54.7173239379776,1300,2200,2600,2800,3500,4000,4800,5400,8900,14000,18000
