Type,Name,Request Count,Failure Count,Median Response Time,Average Response Time,Min Response Time,Max Response Time,Average Content Size,Requests/s,Failures/s,50%,66%,75%,80%,90%,95%,98%,99%,99.9%,99.99%,100%
GET,/Categorias,57412,4,6,19.652806876609038,2.138100000593113,2219.8005999998713,122.99958196892635,75.66033999608443,0.005271395526794708,6,7,8,9,12,17,100,290,2000,2100,2200
GET,/Mesas,14269,1,6,20.506632651199876,2.514899999368936,2661.9045000006736,1365.6406195248442,18.80438569295842,0.001317848881698677,6,8,9,10,13,19,100,290,2000,2200,2700
GET,/Pedidos/5925,43274,2,6,20.8020301959638,2.6253000032738782,2215.906900000846,359.98336183389563,57.02859250662854,0.002635697763397354,6,8,9,10,13,19,110,290,2000,2100,2200
GET,/Productos,57412,0,7,20.332027802550282,2.5266999982704874,2219.3119000003207,754.0,75.66033999608443,0.0,7,8,9,10,13,18,86,300,2000,2100,2200
PUT,Abrir Mesa,57412,0,10,24.57677625060214,5.456799997773487,2066.6476000005787,166.3449975614854,75.66033999608443,0.0,10,12,13,14,18,26,130,350,1900,2000,2100
POST,Agregar Item,143335,1772,10,22.483696203295764,4.345500001363689,7651.018699998531,106.03449262217882,188.89386945827985,2.3352282183700552,10,12,13,14,17,24,110,240,1900,2100,7700
PUT,Cerrar Mesa,57412,456,10,20.657126215772934,4.982000002200948,2222.273100000166,60.78730927332265,75.66033999608443,0.6009390900545967,10,12,13,14,18,24,72,180,1900,2100,2200
,Aggregated,430526,2235,9,21.620238796957075,2.138100000593113,7651.018699998531,263.98665818092286,567.3682076422045,2.9453922505965426,9,11,12,13,16,22,100,250,1900,2100,7700
