Type,Name,Request Count,Failure Count,Median Response Time,Average Response Time,Min Response Time,Max Response Time,Average Content Size,Requests/s,Failures/s,50%,66%,75%,80%,90%,95%,98%,99%,99.9%,99.99%,100%
GET,/Categorias,121747,20,16,66.83847661296284,2.4902000004658476,15323.881799995434,122.99901434942956,150.45551862089496,0.024716094625887287,16,23,29,34,50,93,310,1500,6800,15000,15000
GET,/Mesas,30520,3,17,63.19059878768482,3.0408999882638454,15368.161599995801,1856.6150065530799,37.716760399104,0.003707414193883093,17,24,30,35,50,85,290,1200,6800,14000,15000
GET,/Pedidos/5925,91119,10,17,64.33290672196974,2.9346999945119023,15306.337100002565,359.9604912257597,112.60529131081118,0.012358047312943644,17,24,30,35,50,89,290,1300,6700,12000,15000
GET,/Productos,121747,22,18,56.14169351605294,2.861400003894232,15356.9259000069,753.8847117382769,150.45551862089496,0.027187704088476015,18,23,28,31,45,86,270,1000,3900,15000,15000
PUT,Abrir Mesa,121743,332,28,198.91243824777914,5.9324000030756,30975.699299990083,165.8912298859072,150.4505754019698,0.410287170789729,28,39,48,55,81,190,1200,4100,21000,30000,31000
POST,Agregar Item,304126,18703,27,74.49836648363254,4.678400000557303,28975.480799999787,107.16774626306201,375.84034970962983,23.113255889398495,27,38,46,52,75,140,620,940,5600,20000,29000
PUT,Cerrar Mesa,121407,7606,27,83.33883042742458,4.9475999985588714,30181.99569999706,57.43345111896349,150.03534501225488,9.399530786224934,27,38,46,52,75,140,480,960,12000,30000,30000
,Aggregated,912409,26696,23,87.41035931890096,2.4902000004658476,30975.699299990083,280.5567568930162,1127.5593590755598,32.99104310663435,23,32,40,46,67,130,550,1100,14000,22000,31000
