Type,Name,Request Count,Failure Count,Median Response Time,Average Response Time,Min Response Time,Max Response Time,Average Content Size,Requests/s,Failures/s,50%,66%,75%,80%,90%,95%,98%,99%,99.9%,99.99%,100%
GET,/Categorias,14216,5,9,12.595832203113325,2.702300000237301,409.63660000124946,122.99788970174451,19.496234574330213,0.0068571449684616675,9,12,14,16,20,23,34,56,310,390,410
GET,/Mesas,3529,2,10,13.24915423617255,3.267499996582046,389.4631000002846,1085.7894587701899,4.839772918740245,0.002742857987384667,10,13,15,17,21,24,37,53,300,390,390
GET,/Pedidos/5925,10563,0,10,13.897955893184356,3.258500000811182,388.83399999758694,360.0,14.486404460372118,0.0,10,13,16,17,22,25,38,74,330,370,390
GET,/Productos,14216,0,10,12.973340095611293,3.0520000000251457,433.86309999914374,754.0,19.496234574330213,0.0,10,13,15,17,21,25,30,46,260,430,430
PUT,Abrir Mesa,14216,0,14,16.765248593092714,6.362100000842474,319.67519999307115,165.34313449634215,19.496234574330213,0.0,14,17,19,21,25,29,35,48,230,300,320
POST,Agregar Item,35504,245,14,15.651315586983106,4.905199995846488,266.168000001926,104.9583708877873,48.69121499205261,0.3360001034546217,14,17,19,20,24,26,32,45,150,230,270
PUT,Cerrar Mesa,14216,33,14,15.753703664873028,5.356199995731004,265.5761999922106,60.132667416994934,19.496234574330213,0.045257156791847004,14,17,19,21,24,27,32,43,150,230,270
,Aggregated,106460,285,12,14.794528092215911,2.702300000237301,433.86309999914374,253.9323595716701,146.00233066848583,0.390857263202315,12,15,18,19,23,26,33,48,230,370,430
