Type,Name,Request Count,Failure Count,Median Response Time,Average Response Time,Min Response Time,Max Response Time,Average Content Size,Requests/s,Failures/s,50%,66%,75%,80%,90%,95%,98%,99%,99.9%,99.99%,100%
GET,/Categorias,16556,831,120.0,194.86763889216854,0.3383001312613487,2198.1795001775026,116.88276153660304,22.409194472855717,1.1247910489818254,120,200,270,320,480,640,860,1000,1700,2200,2200
GET,/Mesas,4116,181,120.0,193.68874317293478,0.37450017407536507,2579.211900010705,2097.0726433430514,5.571167217339583,0.24499058948942284,120,200,270,320,480,640,850,1100,1600,2600,2600
GET,/Pedidos/5925,12300,649,120.0,190.85571473339436,0.34299958497285843,2374.0554000250995,341.0048780487805,16.648531771933154,0.8784469203239527,120,200,260,320,470,630,860,1000,1700,2200,2400
GET,/Productos,16552,564,110.0,175.63815166210574,0.5622999742627144,2056.4738996326923,724.4441759304011,22.40378031618192,0.7633960910057154,110,180,240,280,430,580,820,970,1700,2000,2100
PUT,Abrir Mesa,16548,556,840.0,1055.140733544432,0.6455997936427593,11286.3480001688,159.77979211989364,22.398366159508118,0.7525677776581166,840,1200,1500,1600,2200,2900,3800,4500,7600,11000,11000
POST,Agregar Item,40085,7608,610.0,690.8534188761711,1.0131001472473145,4145.4586000181735,106.045278782587,54.25661756731224,10.29772599356646,610,840,1000,1100,1400,1700,2100,2300,3200,3900,4100
PUT,Cerrar Mesa,15971,2750,530.0,740.1003638332218,1.4419001527130604,11486.213699914515,49.891115146202495,21.617374059312553,3.7222327132370876,530,790,990,1100,1600,2200,3000,3700,7100,11000,11000
,Aggregated,122128,13139,320.0,542.4768320045808,0.3383001312613487,11486.213699914515,282.0294608934888,165.30503156444328,17.78415113426258,320,580,790,920,1300,1700,2400,2900,5500,8300,11000
