Type,Name,Request Count,Failure Count,Median Response Time,Average Response Time,Min Response Time,Max Response Time,Average Content Size,Requests/s,Failures/s,50%,66%,75%,80%,90%,95%,98%,99%,99.9%,99.99%,100%
GET,/Categorias,112241,19,8,38.82982512539221,2.4870999914128333,15123.751199993421,122.99898432836486,140.3831849210156,0.023763869829200528,8,10,11,13,20,58,240,780,3000,15000,15000
GET,/Mesas,28119,7,8,38.09867840609018,3.1070999975781888,15083.383700010017,1664.0009602048438,35.16927661722577,0.008755109937073879,8,10,12,13,20,57,240,810,3000,15000,15000
GET,/Pedidos/5925,84035,13,8,39.196303428328676,2.851899989764206,15352.73500000767,359.94430891890283,105.10509479457191,0.016259489883137204,8,10,12,13,21,56,240,740,3000,15000,15000
GET,/Productos,112240,37,9,40.22989463737624,2.9272999963723123,15110.130899993237,753.7896828225232,140.38193419102458,0.046277009667390505,9,11,13,15,23,56,210,380,6300,15000,15000
PUT,Abrir Mesa,112239,263,13,181.9321178084343,5.826599997817539,30651.875800002017,164.95656589955362,140.38068346103358,0.32894198763577576,13,16,19,21,38,130,590,6900,19000,29000,31000
POST,Agregar Item,279644,10152,15,36.31790456761978,4.893100005574524,28025.987799992436,105.62926077441318,349.7591376061554,12.697410868739146,15,18,20,23,34,100,250,480,1100,17000,28000
PUT,Cerrar Mesa,111969,3895,15,43.936414497749205,5.195200006710365,30203.5748000053,58.17689717689718,140.04298636346073,4.871593314986108,15,18,21,23,35,96,230,440,3600,29000,30000
,Aggregated,840487,14386,12,57.9834540489088,2.4870999914128333,30651.875800002017,273.6699128005549,1051.2222979544877,17.993001650677833,12,15,18,20,31,86,260,560,14000,24000,31000
