Type,Name,Request Count,Failure Count,Median Response Time,Average Response Time,Min Response Time,Max Response Time,Average Content Size,Requests/s,Failures/s,50%,66%,75%,80%,90%,95%,98%,99%,99.9%,99.99%,100%
GET,/Categorias,28820,5,6,6.565374673823893,2.4474000092595816,139.7607999970205,122.99895905621096,39.06733914616372,0.006777817339723061,6,7,7,8,9,10,13,17,110,130,140
GET,/Mesas,7194,3,6,7.232007895513019,3.1306000018958002,131.68360000418033,1365.164442591048,9.75192358839354,0.004066690403833837,6,7,8,8,10,12,15,21,100,130,130
GET,/Pedidos/5925,21489,1,6,7.3109183255946775,3.0682999931741506,143.6531999934232,359.98324724277535,29.12970336266177,0.001355563467944612,6,7,8,8,10,12,15,19,110,140,140
GET,/Productos,28820,0,7,7.375758341441774,2.9347999952733517,138.67250000475906,754.0,39.06733914616372,0.0,7,8,8,9,10,12,15,17,52,130,140
PUT,Abrir Mesa,28820,0,10,11.139989562796776,5.698599998140708,232.66330000478774,165.3496877168633,39.06733914616372,0.0,10,11,12,13,14,16,21,25,130,150,230
POST,Agregar Item,72117,644,10,10.417093039061147,4.940300001180731,166.01329999684822,104.96996547277341,97.7591706177616,0.8729828733563302,10,11,11,12,13,15,19,26,130,150,170
PUT,Cerrar Mesa,28820,155,10,10.525707925039724,5.228799986070953,170.32759998983238,59.95267175572519,39.06733914616372,0.21011233753141487,10,11,11,12,13,15,18,25,130,160,170
,Aggregated,216080,808,9,9.193677075603535,2.4474000092595816,232.66330000478774,263.3057941503147,292.9101541534718,1.0952952820992465,9,10,11,11,13,14,18,23,120,150,230
