Type,Name,Request Count,Failure Count,Median Response Time,Average Response Time,Min Response Time,Max Response Time,Average Content Size,Requests/s,Failures/s,50%,66%,75%,80%,90%,95%,98%,99%,99.9%,99.99%,100%
GET,/Categorias,80223,5512,50,267.00909833717515,0.32809999538585544,3440.153500007,114.55614973262033,102.91878016075223,7.0713924466308455,50,140,250,340,840,1600,2000,2200,2900,3400,3400
GET,/Mesas,20161,1315,50,265.66088913720824,0.3285999991931021,3404.83299997868,1645.2745399533753,25.8647211749863,1.6870248670753922,50,140,250,330,840,1600,2000,2200,2900,3400,3400
GET,/Pedidos/5925,60028,4150,51,267.2987182730216,0.3165999660268426,3419.427499989979,335.1116145798627,77.01044009186437,5.324070873279755,51,140,250,340,840,1600,2000,2200,2900,3400,3400
GET,/Productos,80215,3874,23,65.7079651986233,0.5210000090301037,3130.8602999779396,713.778595025868,102.90851689159892,4.969988087490547,23,39,50,60,110,220,400,1200,2200,2900,3100
PUT,Abrir Mesa,80215,3884,32,61.06830294208495,0.5832999595440924,4920.9774999762885,157.33465062644143,102.90851689159892,4.982817173932185,32,53,69,81,130,210,320,410,1200,2900,4900
POST,Agregar Item,190229,14771,29,54.219843270901556,0.4268999909982085,3409.3597999890335,102.41920527364387,244.04642847063482,18.949843582943437,29,46,58,67,100,160,270,380,1800,2700,3400
PUT,Cerrar Mesa,76304,5007,28,60.85890537191716,0.5228999652899802,4396.137900010217,56.315868106521286,97.89106118427432,6.423523581328128,28,46,59,70,110,170,310,500,2300,4300,4400
,Aggregated,587375,38513,32,115.68246924413936,0.3165999660268426,4920.9774999762885,265.8149836135348,753.5484648657099,49.408660612680286,32,54,74,95,220,470,1400,1800,2600,3400,4900
