Type,Name,Request Count,Failure Count,Median Response Time,Average Response Time,Min Response Time,Max Response Time,Average Content Size,Requests/s,Failures/s,50%,66%,75%,80%,90%,95%,98%,99%,99.9%,99.99%,100%
GET,/Categorias,13062,918,8,9.599454693032492,0.31380000291392207,200.21169999381527,114.35553514010105,11.808462194771131,0.8299011096922293,8,11,12,13,16,19,24,33,130,160,200
GET,/Mesas,3326,221,9,9.92765027049863,0.3217999910702929,156.33709999383427,984.6395069152135,3.0068094671419985,0.19979100788887003,9,11,12,13,16,19,24,32,130,160,160
GET,/Pedidos/5925,9701,714,9,10.127907287901827,0.3113999991910532,191.89830000686925,333.50376249871147,8.77001161778248,0.6454786408717339,9,11,12,14,17,20,26,32,140,190,190
GET,/Productos,13062,0,7,7.709392949021605,3.0177000007824972,135.11299999663606,750.0,11.808462194771131,0.0,7,8,9,9,11,14,19,22,39,130,140
PUT,Abrir Mesa,13062,0,9,9.839579183864974,5.0026999961119145,131.01100000494625,163.33141938447406,11.808462194771131,0.0,9,10,11,11,13,15,18,22,46,130,130
POST,Agregar Item,32693,118,9,9.230439635410436,4.23439999576658,130.90899999951944,99.90820664974153,29.555508691904198,0.10667574176871793,9,9,10,11,12,13,16,20,61,130,130
PUT,Cerrar Mesa,13062,19,9,9.249484076004121,4.685700012487359,137.3048999957973,58.18511713367019,11.808462194771131,0.017176602488183396,9,9,10,11,12,13,16,18,63,130,140
,Aggregated,97968,1990,8,9.273134784837989,0.3113999991910532,200.21169999381527,244.57160501388208,88.5661785559132,1.7990231027097345,8,10,11,11,13,16,20,24,120,160,200
