Type,Name,Request Count,Failure Count,Median Response Time,Average Response Time,Min Response Time,Max Response Time,Average Content Size,Requests/s,Failures/s,50%,66%,75%,80%,90%,95%,98%,99%,99.9%,99.99%,100%
GET,/Categorias,85927,5988,65,467.4404958011552,0.30880002304911613,4217.396599997301,114.4325764893456,108.94694913172081,7.592192575101472,65,320,540,720,1500,2500,3200,3600,4100,4200,4200
GET,/Mesas,21495,1464,67,468.02279085826945,0.35229994682595134,4216.117799980566,1691.0978832286578,27.253536974249524,1.8562074031310214,67,320,540,720,1600,2500,3200,3600,4000,4100,4200
GET,/Pedidos/5925,63928,4428,69,475.4256994494421,0.3464000183157623,4216.674499970395,335.0644475034414,81.05438993672126,5.614266653732352,69,330,550,740,1600,2500,3200,3600,4100,4200,4200
GET,/Productos,85912,4162,28,102.06566250230156,0.48919999971985817,4142.770699982066,713.6663097122637,108.9279306132461,5.277004926114283,28,44,57,69,170,430,790,2000,3600,4000,4100
PUT,Abrir Mesa,85911,4209,38,84.27078412426307,0.37640001391991973,3453.0454000341706,157.24190150271792,108.92666271201446,5.336596284001686,38,59,75,89,170,400,560,750,1800,3000,3500
POST,Agregar Item,204338,16495,34,75.71010478846166,0.42639998719096184,4202.516400022432,102.40768726325989,259.0804018722586,20.91403081601516,34,51,63,72,120,240,520,790,3300,4100,4200
PUT,Cerrar Mesa,81691,5606,33,86.29302890772941,0.4991000168956816,4206.142299983185,56.1362206363002,103.57611951446466,7.107854304612367,33,51,64,74,130,290,640,1100,3700,4100,4200
,Aggregated,629202,42352,37,189.36238479084983,0.30880002304911613,4217.396599997301,266.90301683720014,797.7659907546755,53.69815296270834,37,60,85,120,470,970,2200,2900,3900,4100,4200
