Type,Name,Request Count,Failure Count,Median Response Time,Average Response Time,Min Response Time,Max Response Time,Average Content Size,Requests/s,Failures/s,50%,66%,75%,80%,90%,95%,98%,99%,99.9%,99.99%,100%
GET,/Categorias,71753,4474,25,532.0922680584252,0.3074000123888254,3317.4803000001702,115.33386757348124,92.15406052454486,5.746063116340971,25,370,1100,1400,1800,2100,2400,2600,3100,3300,3300
GET,/Mesas,17809,1168,26,541.5464448874999,0.33340000663883984,3288.2892999914475,1478.396765680274,22.87251632519364,1.50008978987176,26,380,1200,1500,1800,2100,2300,2600,3100,3300,3300
GET,/Pedidos/5925,53797,3345,25,536.5190155770409,0.32130000181496143,3319.054000021424,337.6158521850661,69.092748652167,4.296061941028285,25,380,1100,1500,1800,2100,2400,2600,3100,3300,3300
GET,/Productos,71749,1165,11,92.98808696008348,0.4799999878741801,3255.4265999933705,737.8221299251558,92.14892323074392,1.4962368195210618,11,14,19,26,61,320,1700,2000,2600,3100,3300
PUT,Abrir Mesa,71749,1061,16,33.56434783486389,0.5728999967686832,3057.1244999882765,162.89433999080126,92.14892323074392,1.362667180696864,16,21,26,33,58,100,260,350,640,1700,3100
POST,Agregar Item,176641,6594,16,40.31738172681782,0.3935999993700534,3299.953199981246,103.23488318114141,226.86417857254926,8.468828830834234,16,21,25,30,51,82,240,430,2300,3100,3300
PUT,Cerrar Mesa,70678,1976,16,45.725738083994095,0.6200000061653554,3298.532399989199,58.58575511474575,90.77341281554473,2.537823137659758,16,20,24,29,52,94,290,810,2300,3100,3300
,Aggregated,534176,19783,16,179.94115724781267,0.3074000123888254,3319.054000021424,261.65305442401007,686.0547633514874,25.407770815952933,16,23,35,50,420,1600,2000,2200,3000,3200,3300
