Type,Name,Request Count,Failure Count,Median Response Time,Average Response Time,Min Response Time,Max Response Time,Average Content Size,Requests/s,Failures/s,50%,66%,75%,80%,90%,95%,98%,99%,99.9%,99.99%,100%
GET,/Categorias,79314,5591,330.0,1989.3852755239361,0.33270003041252494,25920.538900012616,114.33538845601029,96.83925025207074,6.826389391019587,330,2100,4900,5400,5700,6100,6900,8700,21000,21000,26000
GET,/Mesas,19591,1337,300.0,1982.5726521104464,0.3375999513082206,29909.643400053028,1572.727374814966,23.919834476742036,1.632424005686494,300,2100,5000,5400,5700,6100,6900,8600,21000,21000,30000
GET,/Pedidos/5925,59243,4156,320.0,1984.124678326511,0.3200999926775694,22413.51450001821,334.74537076110255,72.33335480096108,5.074311269733036,320,2100,4900,5300,5700,6100,6900,8600,21000,21000,22000
GET,/Productos,79293,2282,14,299.3166522971591,0.5648999940603971,21529.827199992724,728.4154969543339,96.81361008444216,2.786231548972759,14,24,41,54,560,1200,5500,5900,9100,21000,22000
PUT,Abrir Mesa,79293,2577,20,122.62774941666402,0.6334000499919057,8802.924900024664,159.96804257626778,96.81361008444216,3.1464148561361966,20,30,46,61,140,930,1200,1400,4400,5300,8800
POST,Agregar Item,191613,9743,20,131.1587896850096,0.4181999829597771,21059.204699995462,103.53908659642092,233.95187808646685,11.89581681929956,20,28,39,50,89,430,1200,3700,6200,9600,21000
PUT,Cerrar Mesa,76667,2947,19,153.64307531926818,0.5757000180892646,21028.9282000158,57.953591506123885,93.60736817050594,3.5981701905445758,19,26,36,47,92,630,1900,5100,6400,13000,21000
,Aggregated,585014,28633,21,657.3184627325256,0.3200999926775694,29909.643400053028,263.9871490254934,714.278905955631,34.95975808139221,21,39,70,140,2400,5400,5900,6400,13000,21000,30000
