Type,Name,Request Count,Failure Count,Median Response Time,Average Response Time,Min Response Time,Max Response Time,Average Content Size,Requests/s,Failures/s,50%,66%,75%,80%,90%,95%,98%,99%,99.9%,99.99%,100%
GET,/Categorias,58523,1,5,6.352618040770498,2.085500003886409,233.80039999756264,122.99989747620593,77.05538119674014,0.0013166683388879609,5,6,7,8,10,12,16,19,110,170,230
GET,/Mesas,14319,0,6,6.691777393644292,2.4795999997877516,144.530700003088,1361.162581185837,18.853373944536713,0.0,6,7,7,8,10,12,16,19,100,130,140
GET,/Pedidos/5925,43734,4,6,7.032272348777513,2.529800003685523,235.58390000107465,359.9670736726574,57.583173132926085,0.0052666733555518435,6,7,8,8,11,13,17,21,100,140,240
GET,/Productos,58523,0,6,7.0547442731716545,2.5415999989490956,233.4668999974383,754.0,77.05538119674014,0.0,6,7,8,9,11,13,16,19,35,140,230
PUT,Abrir Mesa,58523,0,10,10.87514015684466,5.334100002073683,1027.14620000188,166.3399689011158,77.05538119674014,0.0,10,11,12,12,15,18,22,26,78,640,1000
POST,Agregar Item,146181,1268,10,10.99260008619046,4.527600001893006,1006.1965999993845,105.94628576901239,192.47189444698103,1.6695354537099345,10,11,12,13,15,17,21,25,98,160,1000
PUT,Cerrar Mesa,58520,319,10,11.227294615510232,4.786099998455029,1013.8331999987713,60.93655160628845,77.05143119172347,0.42001720010525956,10,11,12,13,15,18,21,25,130,230,1000
,Aggregated,438323,1592,9,9.327332596277273,2.085500003886409,1027.14620000188,263.1529876369709,577.1260163063877,2.0961359955096337,9,10,11,12,14,16,20,24,100,180,1000
