Type,Name,Request Count,Failure Count,Median Response Time,Average Response Time,Min Response Time,Max Response Time,Average Content Size,Requests/s,Failures/s,50%,66%,75%,80%,90%,95%,98%,99%,99.9%,99.99%,100%
GET,/Categorias,57754,2789,12,23.746692638404472,0.3247000277042389,837.2158999554813,117.06830695709388,76.09238525346677,3.674579465871088,12,16,20,23,38,70,170,270,600,810,840
GET,/Mesas,14300,660,13,23.995093734107808,0.32400013878941536,835.7060002163053,1477.3429370629372,18.84061898958643,0.8695670302886046,13,17,21,24,38,67,160,250,590,830,840
GET,/Pedidos/5925,43543,2016,13,24.323438281238335,0.3162999637424946,827.0409996621311,343.3323381484969,57.369026060388954,2.656132019790647,13,17,21,24,38,71,160,260,590,710,830
GET,/Productos,57752,279,10,14.964864625469273,0.6076996214687824,678.7650999613106,746.3767488571824,76.08975020185983,0.3675896991674556,10,13,16,17,23,33,54,100,290,510,680
PUT,Abrir Mesa,57752,308,17,23.25584190569926,0.5447003059089184,2092.8783998824656,164.46233896661587,76.08975020185983,0.40579794746801545,17,22,26,29,40,52,77,150,310,1000,2100
POST,Agregar Item,143416,3562,16,20.542765594206482,0.5296999588608742,1169.2955000326037,103.96771629385843,188.95428063010684,4.693026911951529,16,19,22,24,31,41,64,140,290,920,1200
PUT,Cerrar Mesa,57442,1056,14,19.51498531156712,0.6090002134442329,2131.1750998720527,59.16411336652624,75.68131720278488,1.3913072484617672,14,18,20,22,29,38,62,130,300,1100,2100
,Aggregated,431959,10670,14,20.946837779580736,0.3162999637424946,2131.1750998720527,263.3324111779127,569.1171285400535,14.058000322999106,14,18,21,24,33,46,90,170,480,870,2100
