Type,Name,Request Count,Failure Count,Median Response Time,Average Response Time,Min Response Time,Max Response Time,Average Content Size,Requests/s,Failures/s,50%,66%,75%,80%,90%,95%,98%,99%,99.9%,99.99%,100%
GET,/Categorias,43117,2117,11,19.10337013473438,0.3121999907307327,830.8547000051476,116.96354106268988,57.56347582830608,2.8263069863052617,11,14,17,19,28,44,100,220,630,800,830
GET,/Mesas,10720,563,12,19.254538125039574,0.3257999778725207,825.1454000128433,1380.097014925373,14.311767072835336,0.7516347819035722,12,15,18,20,29,44,100,180,620,810,830
GET,/Pedidos/5925,32429,1564,12,20.222552715112176,0.3133999998681247,830.8448999887332,342.6377624965309,43.29443044822548,2.0880227333875436,12,15,18,21,30,47,110,220,610,810,830
GET,/Productos,43117,73,10,12.450455040949759,0.8239000162575394,717.6157000067178,748.7301992253635,57.56347582830608,0.09745886159673317,10,12,14,15,20,26,37,51,200,670,720
PUT,Abrir Mesa,43117,60,16,19.921676116333245,1.5475000254809856,1298.444100015331,165.11512860356703,57.56347582830608,0.08010317391512314,16,20,23,26,35,46,60,76,300,560,1300
POST,Agregar Item,107638,1920,14,17.118352588305093,0.5252000119071454,996.0711000021547,104.0647912447277,143.70242389793376,2.5633015652839406,14,17,20,22,28,35,48,59,180,480,1000
PUT,Cerrar Mesa,43054,481,13,15.978298694580685,0.8904999995138496,1141.1194000102114,59.60096622845729,57.4793674956952,0.6421604442195705,13,16,18,20,25,30,42,55,180,1000,1100
,Aggregated,323192,6778,13,17.36487879589583,0.3121999907307327,1298.444100015331,260.2750439367311,431.478416399608,9.048988546611746,13,16,19,21,28,37,56,87,420,750,1300
