Type,Name,Request Count,Failure Count,Median Response Time,Average Response Time,Min Response Time,Max Response Time,Average Content Size,Requests/s,Failures/s,50%,66%,75%,80%,90%,95%,98%,99%,99.9%,99.99%,100%
GET,/Categorias,58077,2,7,12.009232610161076,2.0767999958479777,3364.8486000020057,122.99979337775711,76.53596717783064,0.002635672199935625,7,8,10,11,15,21,35,69,950,3400,3400
GET,/Mesas,14526,1,7,13.019339487794797,2.6840000064112246,3360.912299998745,1432.2744045160402,19.14288718813244,0.0013178360999678124,7,9,11,12,16,22,35,65,970,3400,3400
GET,/Pedidos/5925,43106,1,7,12.737411214223698,2.3689000008744188,3364.1971000033664,359.9916484944091,56.80664292521252,0.0013178360999678124,7,9,11,12,16,22,35,68,960,3400,3400
GET,/Productos,58073,0,8,10.356424114462165,2.707600004214328,240.03250000532717,754.0,76.53069583343077,0.0,8,10,11,12,17,22,33,54,150,190,240
PUT,Abrir Mesa,58072,9,11,15.64309583791927,5.425299998023547,2009.1623999978765,166.32127359140378,76.5293779973308,0.011860524899710312,11,13,15,17,22,29,49,99,360,1000,2000
POST,Agregar Item,145519,1948,12,14.986658098252649,4.699999997683335,3157.0146000012755,106.05538108425704,191.7701914312161,2.5671447227372983,12,14,16,17,22,29,46,82,190,290,3200
PUT,Cerrar Mesa,58053,567,12,15.724220035142885,5.140399996889755,3407.117799994012,60.67457323480268,76.5043391114314,0.7472130686817496,12,14,16,17,22,29,44,75,210,2100,3400
,Aggregated,435426,2528,10,13.86957623132016,2.0767999958479777,3407.117799994012,266.10156949745766,573.8201016645846,3.3314896607186295,10,12,14,16,20,26,42,75,260,1900,3400
