Type,Name,Request Count,Failure Count,Median Response Time,Average Response Time,Min Response Time,Max Response Time,Average Content Size,Requests/s,Failures/s,50%,66%,75%,80%,90%,95%,98%,99%,99.9%,99.99%,100%
GET,/Categorias,22437,3235,3900.0,2808.9311810492386,0.3795000084210187,7601.9496000080835,105.2917502339885,28.782426708091347,4.149893051685853,3900,4800,5100,5200,5500,5800,6000,6200,6800,7100,7600
GET,/Mesas,5677,795,4000.0,2847.055603469903,0.5970000056549907,8955.868300021393,2056.2386824026776,7.282517111103738,1.0198346139382546,4000,4900,5100,5300,5500,5800,6000,6200,6600,9000,9000
GET,/Pedidos/5925,16989,2471,3900.0,2778.671217340698,0.3400000277906656,7254.326199996285,307.6390605686032,21.793673278235232,3.1698255736370156,3900,4800,5100,5200,5500,5700,6000,6200,6700,6900,7300
GET,/Productos,22412,6438,200.0,913.7325227423372,0.5116000247653574,7097.705499996664,534.5573799750134,28.750356437212783,8.25873615664715,200,330,470,620,4600,5300,5600,5800,6400,6900,7100
PUT,Abrir Mesa,22331,5228,1700.0,2792.1844056603677,0.5504000000655651,21197.703999991063,126.63239442926873,28.646448759566244,6.706535046124774,1700,3200,5400,5900,6800,7500,8900,10000,15000,20000,21000
POST,Agregar Item,42340,19996,1300.0,2349.6003765990436,0.5639000155497342,9819.931099977111,85.19404818138875,54.314210759931704,25.651085459508604,1300,2000,5100,5600,6300,6700,7200,7500,8500,9100,9800
PUT,Cerrar Mesa,16912,7080,2300.0,3285.7623900188532,0.5466000002343208,24275.424499996006,35.037547303689685,21.69489684392926,9.082300712808607,2300,5400,5900,6100,6700,7300,8500,9700,15000,21000,24000
,Aggregated,149098,45243,1200.0,2443.193776101709,0.3400000277906656,24275.424499996006,256.67800372909096,191.2645298980703,58.038210614350255,1200,4200,5000,5300,6000,6600,7300,7900,12000,18000,24000
