Type,Name,Request Count,Failure Count,Median Response Time,Average Response Time,Min Response Time,Max Response Time,Average Content Size,Requests/s,Failures/s,50%,66%,75%,80%,90%,95%,98%,99%,99.9%,99.99%,100%
GET,/Categorias,109013,1,8,55.11232693349114,2.1569000018644147,5967.2086000064155,122.99994496069276,136.4946425351978,0.0012520950944859587,8,11,13,16,41,150,430,1000,5000,5900,6000
GET,/Mesas,26973,0,8,53.797342431297,2.5679000027594157,5939.17070000316,1704.5372409446484,33.77276098356977,0.0,8,11,14,17,42,150,400,950,4900,5900,5900
GET,/Pedidos/5925,81141,3,9,54.833837652974154,2.4230000053648837,5967.790499998955,359.98668983621104,101.59624806168517,0.003756285283457876,9,11,14,17,42,150,410,1000,4900,5900,6000
GET,/Productos,109012,0,9,46.70718462278861,2.527899996493943,5969.772299999022,754.0,136.49339044010333,0.0,9,12,15,18,39,150,320,930,4900,5900,6000
PUT,Abrir Mesa,109011,102,14,160.74185747860037,5.474000005051494,29160.024099997827,166.18972397281007,136.49213834500884,0.1277136996375678,14,18,23,29,82,330,1300,3900,15000,26000,29000
POST,Agregar Item,272356,16344,15,67.25013036686568,4.449100000783801,26023.3145999955,107.13755893022368,341.0156115538178,20.46424222427851,15,19,24,29,72,230,540,1000,5000,15000,26000
PUT,Cerrar Mesa,108906,6356,15,93.90355161607629,5.033999994338956,29298.78400000598,57.69643545810148,136.36066836008783,7.9583164205527535,15,20,24,29,70,210,580,1300,10000,29000,29000
,Aggregated,816412,22806,13,77.24680574096831,2.1569000018644147,29298.78400000598,274.8236882848366,1022.2254602794706,28.555280724846774,13,16,20,25,60,190,570,1200,9900,23000,29000
