Type,Name,Request Count,Failure Count,Median Response Time,Average Response Time,Min Response Time,Max Response Time,Average Content Size,Requests/s,Failures/s,50%,66%,75%,80%,90%,95%,98%,99%,99.9%,99.99%,100%
GET,/Categorias,57882,2779,13,25.259642968510622,0.3120000474154949,1120.8209000178613,117.09661034518503,76.25676208992952,3.6611993685068613,13,17,21,24,40,77,180,320,630,1000,1100
GET,/Mesas,14503,716,13,25.12117665992722,0.34089997643604875,1089.850899996236,1477.2580845342343,19.107007715528972,0.9432956991187164,13,18,22,25,40,76,170,290,620,1000,1100
GET,/Pedidos/5925,43872,2089,14,26.07227915732895,0.31590001890435815,1201.07160002226,342.85831509846827,57.799258256614976,2.752157423825417,14,18,22,25,41,78,180,310,650,1000,1200
GET,/Productos,57881,287,11,14.310055018012052,0.5892000044696033,641.9385999906808,746.2811630759662,76.25544463783578,0.3781087509037313,11,14,16,17,23,32,48,66,290,520,640
PUT,Abrir Mesa,57879,353,17,21.733807933902305,0.5797999911010265,993.0967999971472,164.33609772110782,76.2528097336483,0.46506058909065207,17,22,26,29,39,50,67,82,160,460,990
POST,Agregar Item,143945,3571,16,19.399100973286377,0.5750000127591193,1013.8682999531738,104.8709437632429,189.6406416335805,4.704621426749911,16,20,23,25,32,41,56,73,150,470,1000
PUT,Cerrar Mesa,57509,1075,15,18.263113517837397,0.6136999581940472,1071.834400005173,59.14582065415848,75.76535245896405,1.4162610007718157,15,18,21,23,29,37,54,73,190,580,1100
,Aggregated,433471,10870,15,20.530006527296234,0.3120000474154949,1201.07160002226,264.028075695952,571.0772765261021,14.320704258967105,15,18,22,24,33,46,77,120,480,740,1200
