Type,Name,Request Count,Failure Count,Median Response Time,Average Response Time,Min Response Time,Max Response Time,Average Content Size,Requests/s,Failures/s,50%,66%,75%,80%,90%,95%,98%,99%,99.9%,99.99%,100%
GET,/Categorias,13040,905,8,9.337028880186516,0.3234000178053975,176.37880006805062,114.4635736196319,19.71281693349448,1.3681057764426767,8,10,11,12,15,18,23,30,160,170,180
GET,/Mesas,3208,241,9,9.773294824469334,0.3244999097660184,174.62679999880493,1041.6770573566084,4.84959484069404,0.36432430068804983,9,11,12,13,16,19,25,33,120,170,170
GET,/Pedidos/5925,9861,710,9,9.81127571211817,0.34359993878751993,199.29839996621013,334.0797079403712,14.907061946410204,1.0733205538942545,9,11,12,13,16,19,23,29,170,200,200
GET,/Productos,13040,0,7,7.654206840576036,2.932000090368092,198.86630005203187,750.0,19.71281693349448,0.0,7,8,9,9,11,14,18,21,35,140,200
PUT,Abrir Mesa,13040,0,9,9.939321702386557,5.022399942390621,126.93679996300489,164.35437116564418,19.71281693349448,0.0,9,10,11,12,14,15,18,20,44,130,130
POST,Agregar Item,32761,140,9,9.325771997223358,4.378599929623306,293.56510005891323,102.87781203259973,49.525429107224895,0.2116406725988671,9,10,10,11,12,14,16,19,67,140,290
PUT,Cerrar Mesa,13040,18,9,9.39913684058723,4.795500077307224,133.6052999831736,59.19900306748466,19.71281693349448,0.027210943619854343,9,10,10,11,12,14,16,19,45,130,130
,Aggregated,97990,2014,8,9.259746394471387,0.3234000178053975,293.56510005891323,246.90459230533727,148.13335362830705,3.0446022472437027,8,10,11,11,13,15,19,23,120,180,290
