Type,Name,Request Count,Failure Count,Median Response Time,Average Response Time,Min Response Time,Max Response Time,Average Content Size,Requests/s,Failures/s,50%,66%,75%,80%,90%,95%,98%,99%,99.9%,99.99%,100%
GET,/Categorias,14330,0,6,7.069564787159368,2.6093000051332638,1243.0934000003617,123.0,19.67569825713544,0.0,6,7,7,8,9,10,14,19,130,1200,1200
GET,/Mesas,3667,0,6,8.115407144963681,3.1254999921657145,1240.1385999983177,1184.8584674120534,5.034946651005978,0.0,6,7,8,8,10,11,17,24,250,1200,1200
GET,/Pedidos/5925,10944,0,7,7.705283022622427,2.9344999929890037,1263.1726999970851,360.0,15.026576533572243,0.0,7,7,8,8,10,11,15,22,130,1200,1300
GET,/Productos,14330,0,7,7.42202779485298,2.877000006265007,145.03569999942556,754.0,19.67569825713544,0.0,7,8,8,9,10,12,15,19,94,130,150
PUT,Abrir Mesa,14330,0,10,11.283192477317444,5.950000006123446,175.70350000460166,165.34347522679693,19.67569825713544,0.0,10,11,12,12,14,16,19,25,160,170,180
POST,Agregar Item,36022,210,9,9.765343864867585,4.808300000149757,137.7725000056671,104.91860529676309,49.45973500478247,0.2883389137472744,9,10,11,11,12,14,17,21,130,140,140
PUT,Cerrar Mesa,14330,41,9,9.818058778815251,5.084300006274134,221.91159999056254,60.09944173063503,19.67569825713544,0.05629474030303929,9,10,11,11,13,14,17,20,130,140,220
,Aggregated,107953,251,8,9.040031164497886,2.6093000051332638,1263.1726999970851,258.0947356720054,148.22405121790246,0.3446336540503137,8,9,10,11,12,14,17,21,130,260,1300
