Type,Name,Request Count,Failure Count,Median Response Time,Average Response Time,Min Response Time,Max Response Time,Average Content Size,Requests/s,Failures/s,50%,66%,75%,80%,90%,95%,98%,99%,99.9%,99.99%,100%
GET,/Categorias,22665,3545,7300.0,6519.271166689554,0.39009982720017433,35292.875200044364,103.77207147584382,27.674267456183472,4.328492306735955,7300,9000,9800,11000,16000,21000,23000,24000,34000,34000,35000
GET,/Mesas,5522,867,7000.0,6345.472317274983,0.5539995618164539,34841.57990012318,2015.1868888084027,6.742435689082071,1.0586185697997383,7000,8900,9700,10000,15000,21000,22000,24000,34000,35000,35000
GET,/Pedidos/5925,16630,2654,7200.0,6410.628927203933,0.3800000995397568,34411.077899858356,302.5472038484666,20.30545192130294,3.2405694166649432,7200,9000,9700,10000,15000,21000,23000,24000,30000,34000,34000
GET,/Productos,22596,5206,240.0,2008.4949011685114,0.4499000497162342,34224.85430026427,577.2039298990971,27.590017535403565,6.356595472176976,240,370,520,720,8800,11000,19000,21000,26000,34000,34000
PUT,Abrir Mesa,22476,5041,1600.0,3928.9302272871523,0.5064001306891441,38583.24870001525,128.2605445808863,27.4434959340472,6.155128270311974,1600,2500,5600,9000,11000,14000,21000,21000,28000,35000,39000
POST,Agregar Item,43319,19129,1300.0,3745.794153821466,0.43929973617196083,35360.761099960655,89.72501673630508,52.89307707630319,23.356764269549245,1300,2000,7800,9200,11000,12000,19000,21000,27000,34000,35000
PUT,Cerrar Mesa,17113,7115,2100.0,5449.320298569571,0.5401996895670891,36719.4232000038,35.211885700929116,20.89520136676231,8.687509947087818,2100,8900,9700,10000,12000,16000,21000,23000,29000,35000,37000
,Aggregated,150321,43557,1300.0,4514.449744097907,0.3800000995397568,38583.24870001525,258.95170335482067,183.54394697908475,53.18367825232665,1300,6700,8900,9500,11000,16000,21000,23000,29000,34000,39000
