Type,Name,Request Count,Failure Count,Median Response Time,Average Response Time,Min Response Time,Max Response Time,Average Content Size,Requests/s,Failures/s,50%,66%,75%,80%,90%,95%,98%,99%,99.9%,99.99%,100%
GET,/Categorias,81436,5396,380.0,1836.3095932278327,0.32140000257641077,22898.677700024564,114.8556903580726,99.45150428921806,6.589718516928885,380,1600,3600,5300,5600,6000,6800,8500,20000,21000,23000
GET,/Mesas,20239,1271,420.0,1862.6260859824724,0.3212000010535121,21281.889599980786,1629.2661198675823,24.716329329896904,1.5521742466672743,420,1700,3800,5300,5600,6000,6800,8400,21000,21000,21000
GET,/Pedidos/5925,60558,4026,370.0,1837.7474501965387,0.31999999191612005,25312.30239997967,336.0665807985733,73.95481355600063,4.916643207775332,370,1600,3500,5300,5600,6100,6900,8500,20000,21000,25000
GET,/Productos,81406,2730,16,273.661542144366,0.5939000111538917,21800.457000004826,724.848291280741,99.41486760361616,3.3339383897731385,16,32,50,69,510,1200,5300,5700,8800,21000,22000
PUT,Abrir Mesa,81406,2856,23,150.44975169288108,0.6455999973695725,8660.867500002496,159.54941896174728,99.41486760361616,3.4878124693011294,23,42,65,83,320,1000,1400,1800,4700,6200,8700
POST,Agregar Item,195990,11532,22,142.50046491710654,0.5712000129278749,21029.020899994066,102.5469309658656,239.34746703722982,14.083141945371368,22,35,51,63,130,610,1400,3200,6400,12000,21000
PUT,Cerrar Mesa,78504,3883,20,170.51980797421228,0.43280000681988895,21051.287499984028,57.293551920921225,95.87087888305878,4.742008339739596,20,33,50,63,140,780,2000,5100,6600,13000,21000
,Aggregated,599539,31694,24,624.4298779357738,0.31999999191612005,25312.30239997967,265.6555303324721,732.1707283026366,38.70543711555673,24,52,97,270,1800,5400,5800,6400,12000,21000,25000
