Type,Name,Request Count,Failure Count,Median Response Time,Average Response Time,Min Response Time,Max Response Time,Average Content Size,Requests/s,Failures/s,50%,66%,75%,80%,90%,95%,98%,99%,99.9%,99.99%,100%
GET,/Categorias,266,9,9,10.11500902267355,0.8289999968837947,154.1428999917116,118.83834586466165,3.8577471217399797,0.1305252785551121,9,11,13,13,17,22,27,28,150,150,150
GET,/Mesas,75,2,10,12.373001334102204,3.2124000135809183,156.57649998320267,729.9866666666667,1.087710654625934,0.029005617456691578,10,13,15,16,19,21,24,160,160,160,160
GET,/Pedidos/296,194,7,9,10.327593299209802,0.3598000039346516,30.203100002836436,340.2628865979381,2.813544893299083,0.10151966109842052,9,13,14,15,16,19,24,27,30,30,30
GET,/Productos,266,0,6,7.2027785708791665,3.7343000003602356,27.90919999824837,750.0,3.8577471217399797,0.0,6,7,8,9,10,11,17,23,28,28,28
PUT,Abrir Mesa,266,0,8,9.14587631449191,5.28929999563843,22.807000001193956,162.35714285714286,3.8577471217399797,0.0,8,9,10,11,12,15,16,18,23,23,23
POST,Agregar Item,683,1,7,7.770185504938063,4.455899994354695,31.683299981523305,97.95314787701318,9.905418361460173,0.014502808728345789,7,8,8,9,10,11,14,18,32,32,32
PUT,Cerrar Mesa,266,0,7,7.570089849589141,5.091200000606477,13.419199996860698,57.28195488721804,3.8577471217399797,0.0,7,8,8,8,9,10,11,12,13,13,13
,Aggregated,2016,19,7,8.577154464041492,0.3598000039346516,156.57649998320267,236.70486111111111,29.237662396345108,0.27555336583857,7,8,9,10,13,16,20,23,32,160,160
