Type,Name,Request Count,Failure Count,Median Response Time,Average Response Time,Min Response Time,Max Response Time,Average Content Size,Requests/s,Failures/s,50%,66%,75%,80%,90%,95%,98%,99%,99.9%,99.99%,100%
GET,/Categorias,73543,5346,48,927.1027603641767,0.3198999911546707,4474.944400135428,114.06204533402227,93.20142298892578,6.7750133567953075,48,850,2200,2600,2900,3100,3500,3600,4000,4100,4500
GET,/Mesas,18263,1316,49,929.917585314217,0.32480014488101006,4757.989399600774,1509.4907189399332,23.144794039497324,1.6677735835283622,49,840,2200,2600,2900,3200,3500,3700,3900,4300,4800
GET,/Pedidos/5925,55317,4007,47,924.0745034246542,0.3197002224624157,4758.5323001258075,333.9226639188676,70.10351924015077,5.078091754709838,47,840,2200,2600,2900,3200,3500,3700,4000,4400,4800
GET,/Productos,73528,1446,12,153.57251893863486,0.5772998556494713,4271.594900172204,735.2505168099227,93.18241341160594,1.8325232536337475,12,18,29,39,120,670,2800,3000,3600,3900,4300
PUT,Abrir Mesa,73528,1537,18,49.48845994477641,0.7301000878214836,3295.262100175023,161.88507779349362,93.18241341160594,1.9478480227075172,18,26,35,46,85,180,460,590,1400,3000,3300
POST,Agregar Item,179911,7941,18,62.311196811120254,0.36720000207424164,4315.05550025031,103.11259456064387,228.00213767946138,10.063670233129729,18,25,32,41,72,140,440,830,3500,4000,4300
PUT,Cerrar Mesa,71977,2633,17,75.24146266855172,0.5400003865361214,4478.009299840778,58.06646567653556,91.21682311673322,3.336814472211381,17,24,31,40,76,170,560,2200,3700,4000,4500
,Aggregated,546067,24226,18,307.35939841688776,0.3197002224624157,4758.5323001258075,262.0979110621957,692.0335238879803,30.701734676715883,18,30,52,78,970,2700,3100,3300,3800,4100,4800
