Type,Name,Request Count,Failure Count,Median Response Time,Average Response Time,Min Response Time,Max Response Time,Average Content Size,Requests/s,Failures/s,50%,66%,75%,80%,90%,95%,98%,99%,99.9%,99.99%,100%
GET,/Categorias,76689,5079,96,1683.617802527947,0.3216997720301151,12910.47970019281,114.8569416735125,94.82080776153221,6.279843036430545,96,1800,4600,4900,5100,5100,5200,5200,6800,13000,13000
GET,/Mesas,19173,1298,89,1686.405073708343,0.33299997448921204,12964.275499805808,1545.8965733062118,23.706129265107865,1.6048899904089087,89,1700,4700,4900,5100,5100,5200,5200,6800,12000,13000
GET,/Pedidos/5925,57776,3922,99,1684.7286066257736,0.3285999409854412,12879.098099656403,335.5621711437275,71.43615106769269,4.849290094286395,99,1700,4600,4900,5100,5100,5200,5200,6700,8500,13000
GET,/Productos,76644,1874,12,246.06679422951913,0.37140026688575745,7724.349099677056,731.6619696258024,94.76516827804345,2.317075379064942,12,19,32,45,260,980,5000,5100,5200,6100,7700
PUT,Abrir Mesa,76637,1970,18,87.93237124838245,0.43480005115270615,9515.504900366068,161.09173114813993,94.75651324727853,2.4357729438409477,18,26,40,54,120,560,920,1100,3300,5100,9500
POST,Agregar Item,186587,8958,18,103.57232063670668,0.48790033906698227,7626.317699905485,102.97089829409337,230.7023179047974,11.07596651316102,18,24,33,44,86,240,930,2600,5200,5900,7600
PUT,Cerrar Mesa,74611,2993,17,127.86009228396607,0.664600171148777,9121.001800056547,57.85582554851161,92.25150005731825,3.7006438684852574,17,23,32,43,93,340,1200,4900,5200,8100,9100
,Aggregated,568117,26094,18,551.3806567326931,0.3216997720301151,12964.275499805808,263.65691926134934,702.4385875817704,32.263481825678014,18,32,63,120,2000,5000,5100,5100,5700,7700,13000
