Type,Name,Request Count,Failure Count,Median Response Time,Average Response Time,Min Response Time,Max Response Time,Average Content Size,Requests/s,Failures/s,50%,66%,75%,80%,90%,95%,98%,99%,99.9%,99.99%,100%
GET,/Categorias,74448,4746,58,1355.9645553204728,0.3065000055357814,4802.977299987106,115.16199226305609,93.21075129571022,5.942110273606286,58,1500,3500,3700,4100,4300,4500,4500,4700,4800,4800
GET,/Mesas,18510,1163,65,1358.676054473297,0.3284000267740339,4791.066499979934,1538.0670448406267,23.17498128201693,1.4561049827652992,65,1500,3500,3700,4100,4300,4500,4500,4700,4800,4800
GET,/Pedidos/5925,56111,3542,57,1351.9930997504703,0.32339998870156705,4803.586900001392,337.27504410899826,70.25237032497309,4.434672269092597,57,1400,3500,3700,4100,4300,4500,4500,4700,4800,4800
GET,/Productos,74358,1456,12,186.1799860377484,0.5220999883022159,4680.462099990109,735.3142903251836,93.0980690528479,1.822948284528182,12,18,28,38,110,740,3800,4100,4500,4600,4700
PUT,Abrir Mesa,74353,1389,19,62.93763199599991,0.6204000092111528,3291.6186999937054,162.25404489395183,93.09180892824445,1.739062614841789,19,26,36,45,87,260,740,890,1900,3000,3300
POST,Agregar Item,182648,7442,19,79.98154043622701,0.8655000128783286,4810.86550001055,104.16588738995226,228.67984771463145,9.317569459793084,19,25,32,39,70,130,690,1700,4500,4700,4800
PUT,Cerrar Mesa,72921,2377,18,98.80751471305827,1.0430999973323196,4787.030099978438,58.30834738964084,91.29890924181288,2.9760632364859125,18,24,31,39,72,160,880,3700,4500,4700,4800
,Aggregated,553349,22115,19,437.87340744175117,0.3065000055357814,4810.86550001055,263.82303031179237,692.8067378402369,27.68853112111315,19,30,51,80,1700,3900,4200,4400,4600,4700,4800
