Type,Name,Request Count,Failure Count,Median Response Time,Average Response Time,Min Response Time,Max Response Time,Average Content Size,Requests/s,Failures/s,50%,66%,75%,80%,90%,95%,98%,99%,99.9%,99.99%,100%
GET,/Categorias,28820,5,6,6.9066718702254875,2.2494999993796227,228.65420000016456,122.99895905621096,39.03677666954239,0.006772515036353642,6,7,7,8,12,15,19,21,85,220,230
GET,/Mesas,7231,1,6,7.394279449590946,2.839099999619066,146.08270000098855,1293.1432720232333,9.794411245574636,0.0013545030072707285,6,7,8,9,12,16,20,23,120,150,150
GET,/Pedidos/5925,21699,4,6,7.609633655931294,2.644700000018929,229.0382999999565,359.93363749481546,29.391360754767536,0.005418012029082914,6,7,8,9,13,16,20,23,85,140,230
GET,/Productos,28820,0,6,7.724134989595681,2.7089000013802433,133.48360000054527,754.0,39.03677666954239,0.0,6,7,8,9,13,16,20,22,44,130,130
PUT,Abrir Mesa,28820,0,10,11.494042661348603,5.3989000007277355,242.55380000067817,165.3436502428869,39.03677666954239,0.0,10,11,12,13,17,21,26,29,130,230,240
POST,Agregar Item,71966,511,9,10.823566938552624,4.4858999990537995,248.4335999997711,104.9072339715977,97.47816342124524,0.6921510367153422,9,11,12,12,16,20,25,27,130,240,250
PUT,Cerrar Mesa,28820,112,10,10.958099399723254,4.780699999173521,247.79239999952551,60.03868841082581,39.03677666954239,0.15170433681432158,10,11,12,12,16,20,25,28,130,150,250
,Aggregated,216176,633,9,9.558178898675473,2.2494999993796227,248.4335999997711,261.2746188291022,292.811042099757,0.857400403602371,9,10,11,12,15,19,23,26,100,170,250
