Type,Name,Request Count,Failure Count,Median Response Time,Average Response Time,Min Response Time,Max Response Time,Average Content Size,Requests/s,Failures/s,50%,66%,75%,80%,90%,95%,98%,99%,99.9%,99.99%,100%
GET,/Categorias,254,10,8,8.580727952781801,0.682699988828972,28.493699996033683,118.15748031496064,3.858119343375746,0.1518944623376278,8,10,11,12,14,16,20,23,28,28,28
GET,/Mesas,69,2,9,8.505456522866355,1.359499990940094,18.363300012424588,802.695652173913,1.0480717901296317,0.03037889246752556,9,10,11,12,14,14,17,18,18,18,18
GET,/Pedidos/296,182,8,7,8.854962087742944,0.8272000122815371,31.022800016216934,337.4835164835165,2.764479214544826,0.12151556987010224,7,10,12,13,16,17,18,20,31,31,31
GET,/Productos,254,0,6,6.491341338929258,3.1837000278756022,15.363499987870455,750.0,3.858119343375746,0.0,6,6,8,8,9,11,12,14,15,15,15
PUT,Abrir Mesa,254,0,8,8.181261417307473,5.447499977890402,23.558100016089156,162.38188976377953,3.858119343375746,0.0,8,8,9,9,10,12,13,14,24,24,24
POST,Agregar Item,629,2,7,7.421698410273863,4.450300009921193,18.571499997051433,97.82193958664547,9.554161681036788,0.03037889246752556,7,8,8,8,9,10,12,12,19,19,19
PUT,Cerrar Mesa,254,0,7,7.496990552667059,4.723599995486438,14.978699997300282,57.275590551181104,3.858119343375746,0.0,7,8,8,8,9,10,12,13,15,15,15
,Aggregated,1896,22,7,7.741196993975419,0.682699988828972,31.022800016216934,239.790611814346,28.79919005921423,0.33416781714278115,7,8,9,9,11,13,16,17,28,31,31
