Type,Name,Request Count,Failure Count,Median Response Time,Average Response Time,Min Response Time,Max Response Time,Average Content Size,Requests/s,Failures/s,50%,66%,75%,80%,90%,95%,98%,99%,99.9%,99.99%,100%
GET,/Categorias,57812,2885,12,23.500152272743073,0.3133999998681247,936.4742000470869,116.86596208399641,76.19692575260396,3.8024654188795135,12,16,20,23,38,76,170,260,530,800,940
GET,/Mesas,14713,730,13,25.482823849230442,0.3244000254198909,895.3581999521703,1465.417657853599,19.391914630147063,0.9621489621428232,13,17,21,25,41,87,200,270,520,710,900
GET,/Pedidos/5925,43478,2125,13,24.889305980141504,0.3182999789714813,933.8929000077769,342.40489442936655,57.304537775405024,2.8007760884294512,13,17,21,25,39,79,180,270,530,770,930
GET,/Productos,57812,254,10,15.039675141843542,0.8275000145658851,1036.994899972342,746.7048363661523,76.19692575260396,0.33477511833462614,10,13,16,17,24,33,57,110,290,500,1000
PUT,Abrir Mesa,57803,315,17,22.88315689987683,0.8890999597497284,1629.1626000311226,164.43566942892238,76.18506364211179,0.41517386722601274,17,22,26,29,41,54,75,120,280,600,1600
POST,Agregar Item,143118,3546,16,20.30047282735611,0.414299953263253,2020.1550999772735,104.91373551894242,188.63128104651585,4.6736715339156865,16,20,23,25,33,44,63,95,290,540,2000
PUT,Cerrar Mesa,57472,1084,14,19.085427256681204,0.5330999847501516,2095.354299992323,59.1333170935412,75.74880157845526,1.428725308168247,14,18,21,23,29,40,59,92,320,1000,2100
,Aggregated,432208,10939,14,20.84664420574247,0.3133999998681247,2095.354299992323,264.43507292784955,569.6554501778429,14.41773629709636,14,18,22,24,34,49,90,160,440,690,2100
