Type,Name,Request Count,Failure Count,Median Response Time,Average Response Time,Min Response Time,Max Response Time,Average Content Size,Requests/s,Failures/s,50%,66%,75%,80%,90%,95%,98%,99%,99.9%,99.99%,100%
GET,/Categorias,11246,3582,600.0,835.7016875330916,0.40440005250275135,6770.808300003409,114.90912324382002,17.636205416192592,5.6173650898810115,600,930,1200,1400,2000,2500,3200,3700,5500,6700,6800
GET,/Mesas,2850,956,680.0,1036.004797121951,0.5070000188425183,7829.83829989098,1589.7554385964913,4.469427835332463,1.499218600202749,680,1100,1500,1800,2500,3300,4200,4900,6800,7800,7800
GET,/Pedidos/5925,8485,2858,690.0,1038.9163450440324,0.4288000054657459,8307.733400026336,238.74130819092517,13.306349186945948,4.481973597677256,690,1100,1500,1700,2500,3300,4200,4800,6900,8300,8300
GET,/Productos,11236,3800,440.0,698.6166998756569,0.5101000424474478,6731.065700063482,522.9868280526878,17.6205232132616,5.959237113776617,440,750,1000,1200,1800,2300,3000,3600,5500,6400,6700
PUT,Abrir Mesa,11170,5747,2400.0,3130.1998129457616,0.5706000374630094,32339.06480006408,79.78907788719785,17.51702067391706,9.012562024440586,2400,3500,4300,4900,7000,9000,12000,15000,23000,31000,32000
POST,Agregar Item,13562,6970,1400.0,1672.0824093498381,0.522000016644597,10566.297399927862,97.76227695030232,21.26820361501013,10.930495442900796,1400,2100,2600,2900,3800,4700,5800,6400,8500,10000,11000
PUT,Cerrar Mesa,5371,2548,1800.0,2305.3178230873764,0.785200041718781,18570.442599942908,31.151554645317447,8.422911194235319,3.995825306816532,1800,2700,3200,3600,5000,6500,8500,11000,17000,19000,19000
,Aggregated,63920,26461,930.0,1549.4172849077668,0.40440005250275135,32339.06480006408,252.02568836045057,100.2406411348951,41.496677175695545,930,1600,2100,2500,3800,5100,7200,9100,17000,24000,32000
