Type,Name,Request Count,Failure Count,Median Response Time,Average Response Time,Min Response Time,Max Response Time,Average Content Size,Requests/s,Failures/s,50%,66%,75%,80%,90%,95%,98%,99%,99.9%,99.99%,100%
GET,/Categorias,58498,7,5,6.842543020274611,2.197199999500299,301.43589999897813,122.99928202673595,77.07652361330435,0.009223147206624678,5,6,7,8,11,13,17,22,130,220,300
GET,/Mesas,14786,0,6,7.344932402269732,2.618599999550497,226.1460999998235,1338.4288516163938,19.4819220853075,0.0,6,7,8,9,11,14,18,22,130,140,230
GET,/Pedidos/5925,44144,2,6,7.541161901959565,2.416299999822513,249.94909999986703,359.9836897426604,58.163801469891396,0.0026351849161784795,6,7,8,9,11,14,18,23,130,160,250
GET,/Productos,58498,0,6,7.534395840880552,2.367200000662706,258.8071999998647,754.0,77.07652361330435,0.0,6,7,8,9,12,14,18,22,130,150,260
PUT,Abrir Mesa,58497,0,10,11.334130288736505,5.358099999284605,842.598100000032,166.05160948424705,77.07520602084625,0.0,10,11,12,13,16,19,24,30,140,270,840
POST,Agregar Item,146131,1250,10,11.360874595396913,4.568199999994249,228.38520000004792,105.66029110866278,192.5411034930387,1.6469905726115497,10,11,12,13,15,18,23,28,140,170,230
PUT,Cerrar Mesa,58491,278,10,11.649630738061463,4.492699999900651,1015.3495000013208,60.676531432186145,77.06730046609772,0.36629070334880864,10,12,13,13,16,18,23,29,140,180,1000
,Aggregated,439045,1537,9,9.76462214009994,2.197199999500299,1015.3495000013208,263.49606304592925,578.4823807617903,2.0251396080831614,9,10,11,12,14,17,21,27,140,170,1000
