Type,Name,Request Count,Failure Count,Median Response Time,Average Response Time,Min Response Time,Max Response Time,Average Content Size,Requests/s,Failures/s,50%,66%,75%,80%,90%,95%,98%,99%,99.9%,99.99%,100%
GET,/Categorias,28668,1714,10,12.177945029320034,0.31999999191612005,217.88279997417703,115.66241105064881,38.797005844961376,2.3195921591413353,10,13,15,16,21,25,34,45,110,160,220
GET,/Mesas,7238,446,11,13.01157246472141,0.3171999705955386,166.32929997285828,1215.376761536336,9.795337250796374,0.6035811569294256,11,14,16,17,22,26,35,49,130,170,170
GET,/Pedidos/5925,21651,1342,11,13.232414913736912,0.31699996907263994,176.36700003640726,337.68601912151865,29.30075253067039,1.8161567547069264,11,14,16,18,22,27,37,51,120,160,180
GET,/Productos,28668,1,9,11.194079147414527,3.0980000155977905,171.49209999479353,749.9738384261198,38.797005844961376,0.0013533209796623893,9,11,13,14,19,23,30,37,140,170,170
PUT,Abrir Mesa,28668,0,14,18.208236228746447,5.031899956520647,291.4015999995172,165.34718152644064,38.797005844961376,0.0,14,18,21,24,35,44,56,65,160,170,290
POST,Agregar Item,71778,786,12,14.88641032341271,4.4793999986723065,188.0959999980405,105.01186993229123,97.13867327820698,1.063710290014638,12,15,17,19,24,30,40,48,150,170,190
PUT,Cerrar Mesa,28658,231,11,13.541832004973132,4.6301000402309,229.35899998992682,59.78808709609882,38.78347263516475,0.31261714630201193,11,14,16,17,21,25,33,41,130,180,230
,Aggregated,215329,4520,12,14.068213124538444,0.31699996907263994,291.4015999995172,255.02983341770036,291.4092532297226,6.117010828073999,12,14,17,18,23,30,41,51,140,170,290
