Type,Name,Request Count,Failure Count,Median Response Time,Average Response Time,Min Response Time,Max Response Time,Average Content Size,Requests/s,Failures/s,50%,66%,75%,80%,90%,95%,98%,99%,99.9%,99.99%,100%
GET,/Categorias,73469,3,6,6.759070105756203,2.0796999997401144,241.97819999972126,122.99975499870693,95.58472452754609,0.003903063517710031,6,7,8,8,10,13,17,22,110,220,240
GET,/Mesas,18235,1,6,7.244145363313103,2.5614999976824038,257.91149999713525,1405.4180970660816,23.72412108181414,0.0013010211725700102,6,7,8,9,11,13,17,23,130,220,260
GET,/Pedidos/5925,55015,3,6,7.4825260383502865,2.5399999976798426,229.31420000168146,359.9803689902754,71.57567980893911,0.003903063517710031,6,7,8,9,11,14,18,23,130,180,230
GET,/Productos,73469,0,6,7.6616012808113645,2.6308999986213166,316.1784000003536,754.0,95.58472452754609,0.0,6,8,9,9,12,14,18,23,120,160,320
PUT,Abrir Mesa,73468,0,10,11.661368168460772,5.2986000009696,1067.6781000001938,166.3445853977242,95.58342350637352,0.0,10,11,12,13,16,19,25,34,150,310,1100
POST,Agregar Item,183624,1831,11,12.222432248509895,4.7598000019206665,1039.1674999991665,105.97722519932034,238.89871179199557,2.382169766975689,11,12,13,14,16,19,24,33,140,170,1000
PUT,Cerrar Mesa,73460,424,11,12.453707179415774,4.9987999991572,1063.8264000008348,60.9201334059352,95.57301533699295,0.5516329771696844,11,13,14,14,17,19,25,33,140,170,1100
,Aggregated,550740,2262,9,10.20288900751744,2.0796999997401144,1067.6781000001938,265.1352235174493,716.5244005812075,2.9429098923533634,9,11,12,13,15,18,22,29,130,180,1100
