Type,Name,Request Count,Failure Count,Median Response Time,Average Response Time,Min Response Time,Max Response Time,Average Content Size,Requests/s,Failures/s,50%,66%,75%,80%,90%,95%,98%,99%,99.9%,99.99%,100%
GET,/Categorias,20090,2460,710.0,687.315290008851,0.3996999002993107,3719.8442998342216,107.96207068193131,26.81739310524555,3.283762421050475,710,930,1100,1100,1300,1500,1700,1900,2500,3300,3700
GET,/Mesas,4972,645,690.0,660.366108006785,0.5786004476249218,2988.8097001239657,2060.112228479485,6.6369377062857575,0.8609864884461612,690,900,1000,1100,1300,1500,1700,1900,2500,3000,3000
GET,/Pedidos/5925,15024,1748,700.0,672.7119693289279,0.35639991983771324,3426.9465999677777,318.1150159744409,20.054978298318026,2.333340126827736,700,920,1000,1100,1300,1500,1700,1900,2400,3400,3400
GET,/Productos,20081,4681,220.0,342.6850915135226,0.4128003492951393,3199.9126002192497,575.1705592350978,26.805379340290486,6.248492639405397,220,340,450,560,880,1100,1400,1600,2100,2800,3200
PUT,Abrir Mesa,20041,4231,1600.0,1663.058346281255,0.4837997257709503,14777.811499778181,130.43735342547777,26.751984829379097,5.647804391652261,1600,2000,2300,2600,3300,4100,5200,6400,9600,12000,15000
POST,Agregar Item,39189,17600,1300.0,1289.3829118812378,0.5345996469259262,5577.336599584669,89.70172752558116,52.31193720266141,23.493584801011533,1300,1700,1900,2000,2400,2800,3100,3400,4400,5000,5600
PUT,Cerrar Mesa,15714,6219,1400.0,1518.462317554632,0.628800131380558,12395.33570036292,36.4217258495609,20.9760336115395,8.301511583948336,1400,1800,2100,2300,2900,3500,4500,5300,8700,12000,12000
,Aggregated,135111,37584,920.0,1049.506587359701,0.35639991983771324,14777.811499778181,262.32462937880706,180.35464409371983,50.169482452341896,920,1300,1600,1800,2300,2800,3500,4200,7400,11000,15000
