Type,Name,Request Count,Failure Count,Median Response Time,Average Response Time,Min Response Time,Max Response Time,Average Content Size,Requests/s,Failures/s,50%,66%,75%,80%,90%,95%,98%,99%,99.9%,99.99%,100%
GET,/Categorias,103193,6,6,10.03905515393929,2.114799994160421,740.1228000016999,122.99965113912765,130.80800987406982,0.007605632739085199,6,8,10,11,18,29,46,61,160,610,740
GET,/Mesas,25816,0,7,10.538490796425952,2.65650000073947,725.4647000008845,1570.854160210722,32.724502465370584,0.0,7,8,10,11,18,29,47,60,160,680,730
GET,/Pedidos/5925,77026,3,7,10.809987104370862,2.634500000567641,725.7521999999881,359.98597876041856,97.63857789346275,0.0038028163695425993,7,9,10,12,19,31,47,62,160,570,730
GET,/Productos,103193,0,7,10.85487895593454,2.4985999989439733,740.8408999981475,754.0,130.80800987406982,0.0,7,9,11,13,19,29,46,58,150,230,740
PUT,Abrir Mesa,103193,2,11,25.44628118960853,5.301900004269555,9516.996499995003,166.33931565125542,130.80800987406982,0.0025352109130284,11,14,16,18,28,47,78,140,2800,6100,9500
POST,Agregar Item,258294,5291,13,18.747813131154658,4.528600002231542,3037.460200001078,106.23569266030182,327.4148837848787,6.706900470416631,13,16,18,20,28,42,64,88,290,3000,3000
PUT,Cerrar Mesa,103187,1609,13,22.708890138285508,5.1807999989250675,9762.683599998127,60.31850911452024,130.80040424133074,2.0395771795313475,13,16,18,20,28,44,67,96,1100,7600,9800
,Aggregated,773902,6911,11,16.891554065113393,2.114799994160421,9762.683599998127,270.8493543110109,981.0023980072523,8.760421309969635,11,13,15,17,25,38,59,83,870,4500,9800
