Type,Name,Request Count,Failure Count,Median Response Time,Average Response Time,Min Response Time,Max Response Time,Average Content Size,Requests/s,Failures/s,50%,66%,75%,80%,90%,95%,98%,99%,99.9%,99.99%,100%
GET,/Categorias,58500,5,6,6.21023079315892,2.3612999939359725,290.0657999998657,122.99948717948718,77.07432850110517,0.006587549444538904,6,6,7,7,8,10,12,14,99,270,290
GET,/Mesas,14708,1,6,6.784372117233135,2.9738000012002885,290.5719999980647,1395.7166168071797,19.37793544605564,0.0013175098889077808,6,7,8,8,9,10,12,15,99,290,290
GET,/Pedidos/5925,44549,1,6,6.989998724908288,2.87949999619741,288.7639999971725,359.99191901052774,58.69374804095273,0.0013175098889077808,6,7,8,8,9,11,13,16,120,280,290
GET,/Productos,58500,0,7,7.108168933329891,2.890899995691143,289.7184999892488,754.0,77.07432850110517,0.0,7,7,8,8,10,11,13,15,44,140,290
PUT,Abrir Mesa,58500,0,10,10.75664151620252,5.576299998210743,305.1067999913357,165.33608547008546,77.07432850110517,0.0,10,11,12,12,14,15,18,22,140,160,310
POST,Agregar Item,146092,1297,10,10.957345671229909,4.953300012857653,302.9259000031743,104.97800016428005,192.47765469031552,1.7088103259133918,10,11,12,12,14,15,18,20,130,150,300
PUT,Cerrar Mesa,58500,293,11,11.137523066630571,5.065799996373244,306.1751999921398,59.96748717948718,77.07432850110517,0.3860303974499798,11,12,12,13,14,16,18,21,130,150,310
,Aggregated,439349,1597,9,9.268025087556254,2.3612999939359725,306.1751999921398,264.9070670469263,578.8466521817446,2.104063292585726,9,10,11,11,13,14,17,19,120,160,310
