Type,Name,Request Count,Failure Count,Median Response Time,Average Response Time,Min Response Time,Max Response Time,Average Content Size,Requests/s,Failures/s,50%,66%,75%,80%,90%,95%,98%,99%,99.9%,99.99%,100%
GET,/Categorias,20315,2582,1700.0,1497.2331330601016,0.3533996641635895,4963.727700058371,107.38995815899581,26.754870358695772,3.4004959520626374,1700,2400,2600,2800,3000,3300,3500,3700,4100,4600,5000
GET,/Mesas,5071,632,1700.0,1493.880890332033,0.6383997388184071,5617.859899997711,2066.765135081838,6.67851083381473,0.83234447780929,1700,2400,2600,2700,3000,3200,3500,3600,4200,5600,5600
GET,/Pedidos/5925,15174,1904,1700.0,1478.9571956703699,0.3897002898156643,5106.171500403434,314.8279952550415,19.984169471959124,2.507569439476089,1700,2400,2600,2700,3000,3200,3500,3600,4300,4800,5100
GET,/Productos,20300,5003,230.0,548.2857118847693,0.4714997485280037,4664.444100111723,565.1600985221675,26.73511534735536,6.58895478240487,230,350,490,650,2000,2600,3000,3200,3800,4400,4700
PUT,Abrir Mesa,20249,4361,1700.0,2067.839503827707,0.5506002344191074,17945.036199875176,129.73435725220997,26.667948308797964,5.743440297035307,1700,2600,3300,3600,4400,5200,6600,7700,12000,16000,18000
POST,Agregar Item,39701,18038,1400.0,1716.0097938894191,0.38350000977516174,9222.201999742538,89.66230069771542,52.28624701504213,23.756059637221476,1400,2100,2800,3200,3900,4300,4800,5100,6100,8400,9200
PUT,Cerrar Mesa,15749,6410,2100.0,2241.0366249641093,0.5556000396609306,16400.6825000979,35.74334878404978,20.741444906674857,8.441974846135363,2100,3100,3500,3700,4400,5000,6200,7400,12000,16000,16000
,Aggregated,136559,38930,1300.0,1588.0076031467895,0.3533996641635895,17945.036199875176,261.1452851880872,179.84830624233993,51.27083943214503,1300,2200,2700,2900,3600,4200,4900,5600,9500,14000,18000
