Type,Name,Request Count,Failure Count,Median Response Time,Average Response Time,Min Response Time,Max Response Time,Average Content Size,Requests/s,Failures/s,50%,66%,75%,80%,90%,95%,98%,99%,99.9%,99.99%,100%
GET,/Categorias,73079,5,7,10.454035806477727,2.1742999961134046,237.69120000361,122.99958948535146,95.04951493136551,0.006503203035849253,7,9,11,12,23,32,41,51,130,160,240
GET,/Mesas,18133,1,7,11.073519031649802,2.6720000023487955,326.27729999512667,1463.3174874538136,23.5845161298109,0.0013006406071698507,7,9,11,13,24,33,43,53,140,170,330
GET,/Pedidos/5925,54845,1,8,11.181461094000513,2.6080999959958717,280.7375999982469,359.99343604704166,71.33363410023046,0.0013006406071698507,8,10,11,13,23,33,42,51,130,170,280
GET,/Productos,73076,0,8,11.29725104412675,2.6233999960822985,270.6010000038077,754.0,95.045613009544,0.0,8,10,12,14,24,32,41,48,130,160,270
PUT,Abrir Mesa,73074,1,12,15.880900896353834,5.4692000048817135,1161.9100000025355,166.34582751731122,95.04301172832966,0.0013006406071698507,12,14,16,19,30,39,50,60,160,600,1200
POST,Agregar Item,182472,2497,12,16.340990687345293,4.822700000659097,1002.5709999972605,106.05857885045377,237.33049287149697,3.247699596103117,12,15,17,19,30,40,50,59,150,190,1000
PUT,Cerrar Mesa,73063,696,13,16.653948017456504,5.0448999973014,1155.6771999967168,60.69125275447217,95.0287046816508,0.905245862590216,13,15,18,20,30,40,50,61,150,300,1200
,Aggregated,547742,3201,11,14.172025083167634,2.1742999961134046,1161.9100000025355,267.1124872659026,712.4154874524284,4.163350583550692,11,13,15,18,28,37,47,57,150,280,1200
