Type,Name,Request Count,Failure Count,Median Response Time,Average Response Time,Min Response Time,Max Response Time,Average Content Size,Requests/s,Failures/s,50%,66%,75%,80%,90%,95%,98%,99%,99.9%,99.99%,100%
GET,/Categorias,72239,4882,33,523.9629697656321,0.3183000080753118,3366.3735000009183,114.69236838826673,92.76916174543652,6.269453448154336,33,320,1000,1300,1900,2200,2500,2700,3200,3300,3400
GET,/Mesas,17950,1253,32,522.6502962060683,0.33569999504834414,3306.0105000040494,1495.3461838440112,23.051349732562542,1.6090997891309675,32,320,1000,1200,1900,2300,2500,2700,3200,3300,3300
GET,/Pedidos/5925,53803,3580,32,528.4318285391838,0.3150000120513141,3391.3310000207275,336.04594539337955,69.09369190312326,4.597427968945621,32,330,1000,1300,1900,2200,2500,2700,3200,3300,3400
GET,/Productos,72184,1252,11,94.35141325226625,0.5399000074248761,3377.573500009021,736.9915770807935,92.69853086881864,1.6078155913742789,11,16,24,33,76,330,1600,2100,2700,3200,3400
PUT,Abrir Mesa,72184,1461,17,37.805935676900106,0.4723999882116914,4000.4867000097875,162.00040175108057,92.69853086881864,1.8762129225222215,17,23,31,39,71,130,260,350,1100,3000,4000
POST,Agregar Item,177091,7133,17,42.135724601468084,0.3727000148501247,3376.306999998633,103.11676482712278,227.4198649297623,9.160182598460647,17,22,28,34,60,100,230,390,2400,3100,3400
PUT,Cerrar Mesa,70715,2422,16,49.53001327011366,0.3992000129073858,3359.9272999854293,58.2097857597398,90.81204436424291,3.1103269667000824,16,21,27,33,60,110,280,1100,2500,3100,3400
,Aggregated,536166,21983,17,179.36118670260635,0.3150000120513141,4000.4867000097875,262.0031837154911,688.5431744127649,28.230519285288157,17,26,42,59,370,1500,2100,2400,3100,3300,4000
