Type,Name,Request Count,Failure Count,Median Response Time,Average Response Time,Min Response Time,Max Response Time,Average Content Size,Requests/s,Failures/s,50%,66%,75%,80%,90%,95%,98%,99%,99.9%,99.99%,100%
GET,/Categorias,114154,6,12,87.47786220892742,2.2492999996757135,13374.639600006049,122.99968463654362,141.1464610344643,0.007418739301354186,12,20,32,47,140,300,960,1600,5000,12000,13000
GET,/Mesas,28479,1,12,91.06103497318715,2.895199999329634,13374.822400000994,1843.7679342673548,35.213046093877644,0.0012364565502256978,12,20,33,48,150,310,970,1700,5100,13000,13000
GET,/Pedidos/5925,85449,3,13,91.27590474669822,3.037900009076111,13378.060000002733,359.9873608819296,105.65397576023564,0.003709369650677093,13,21,33,48,150,310,970,1600,5300,12000,13000
GET,/Productos,114153,2,14,79.58325897612393,2.6837000041268766,13382.235500001116,753.9888220195702,141.14522457791406,0.0024729131004513957,14,22,32,45,140,250,750,1600,4900,12000,13000
PUT,Abrir Mesa,114150,312,21,325.7270283977224,5.880600001546554,36121.006000001216,164.8879194042926,141.1415152082634,0.3857744436704177,21,36,63,95,250,1000,3800,7000,23000,31000,36000
POST,Agregar Item,284374,28751,21,124.22169642934398,4.80490000336431,27880.239899997832,107.2036684085043,351.61609501388256,35.54936227553903,21,34,58,83,210,490,1000,1600,12000,23000,28000
PUT,Cerrar Mesa,113812,11967,21,141.9780762582203,5.196699989028275,30273.629900009837,53.93381190032685,140.72359289428712,14.796675536550925,21,34,57,81,200,450,1100,1900,13000,30000,30000
,Aggregated,854571,41042,18,138.2323381571546,2.2492999996757135,36121.006000001216,279.4693782026303,1056.6399105829248,50.74664973436309,18,29,47,69,190,440,1100,2000,14000,25000,36000
