Type,Name,Request Count,Failure Count,Median Response Time,Average Response Time,Min Response Time,Max Response Time,Average Content Size,Requests/s,Failures/s,50%,66%,75%,80%,90%,95%,98%,99%,99.9%,99.99%,100%
GET,/Categorias,20287,2651,670.0,675.4778342641673,0.3642002120614052,4567.031600046903,106.93276482476463,27.099409973177647,3.541210422383494,670,890,1000,1100,1300,1500,1700,2000,2600,4200,4600
GET,/Mesas,5156,676,640.0,658.9055580484932,0.494600273668766,7801.399699877948,2054.7044220325834,6.887393790195887,0.9030019786990727,640,870,1000,1100,1300,1500,1700,2000,2700,7800,7800
GET,/Pedidos/5925,15063,2020,630.0,644.3929375708672,0.4378003068268299,4613.978200126439,311.72276438956385,20.121181664414397,2.698319522148117,630,850,980,1100,1300,1500,1700,1900,2600,4400,4600
GET,/Productos,20280,5390,230.0,350.9611093698628,0.5093999207019806,3893.2066997513175,550.6656804733727,27.090059360972184,7.199971398207104,230,370,500,600,870,1100,1400,1600,2200,3200,3900
PUT,Abrir Mesa,20241,4367,1600.0,1667.08058357819,0.548199750483036,14352.463900111616,129.67694283879254,27.037963092970312,5.833446214465756,1600,2000,2300,2600,3300,4100,5200,6100,9100,12000,14000
POST,Agregar Item,39466,18375,1300.0,1276.4667919110798,0.4189000464975834,5459.53689981252,88.3712055946891,52.718751614404745,24.5453570393424,1300,1700,1900,2000,2400,2800,3200,3500,4400,5100,5500
PUT,Cerrar Mesa,15752,6284,1400.0,1484.5173974372938,0.5775000900030136,12193.576599936932,36.225812595226,21.04154906578076,8.39417815701919,1400,1800,2000,2200,2800,3400,4300,5100,8000,11000,12000
,Aggregated,136245,39763,890.0,1038.0509563203668,0.3642002120614052,14352.463900111616,259.16150317442845,181.99630856191592,53.11548473226513,890,1300,1600,1800,2300,2800,3600,4200,7000,10000,14000
