Type,Name,Request Count,Failure Count,Median Response Time,Average Response Time,Min Response Time,Max Response Time,Average Content Size,Requests/s,Failures/s,50%,66%,75%,80%,90%,95%,98%,99%,99.9%,99.99%,100%
GET,/Categorias,43121,2019,11,19.81054969041997,0.3037999849766493,893.7584000232164,117.2490665800886,57.64920538789353,2.6992357709273214,11,14,17,20,29,47,120,220,600,840,890
GET,/Mesas,10677,515,12,21.218773944106502,0.30929999775253236,830.001700000139,1383.859979394961,14.274264648930664,0.6885123437481776,12,15,18,20,29,49,130,240,690,820,830
GET,/Pedidos/5925,32383,1488,12,21.2380820800316,0.31220001983456314,922.5315999938175,343.4579872155143,43.293388791450944,1.989332752421919,12,16,19,21,31,51,120,220,640,890,920
GET,/Productos,43117,81,10,12.756778755538159,0.9219000057782978,749.6878000092693,748.5910429760884,57.64385771920422,0.10829029095845123,10,12,14,15,20,26,38,53,230,520,750
PUT,Abrir Mesa,43113,94,16,19.741467733620418,0.6507000070996583,245.18220001482405,164.9859671096885,57.63851005051492,0.1256702141986965,16,20,23,26,36,46,60,74,170,200,250
POST,Agregar Item,107446,1922,14,17.111975809224134,0.7268000044859946,711.7691999883391,104.01214563594736,143.64640249779941,2.5695548052116455,14,17,20,21,27,35,48,60,170,550,710
PUT,Cerrar Mesa,43010,544,13,15.771460978836702,1.2920000008307397,707.4639000056777,59.50985817251802,57.50080758176528,0.7272829417456478,13,16,18,20,24,30,42,54,170,410,710
,Aggregated,322867,6663,13,17.61297435816971,0.3037999849766493,922.5315999938175,260.413167031626,431.64643667755894,8.90787911921186,13,16,19,21,28,38,58,96,450,720,920
