Type,Name,Request Count,Failure Count,Median Response Time,Average Response Time,Min Response Time,Max Response Time,Average Content Size,Requests/s,Failures/s,50%,66%,75%,80%,90%,95%,98%,99%,99.9%,99.99%,100%
GET,/Categorias,100302,353,7,81.37202857769746,2.215000000433065,19280.36200000497,122.57178321469164,127.1082667084122,0.4473412110234044,7,8,9,10,13,17,45,120,19000,19000,19000
GET,/Mesas,25437,84,7,77.98850829503323,2.7674000011757016,19275.90780000901,1535.235287180092,32.235179560346566,0.10644946664579595,7,8,10,10,13,17,41,110,19000,19000,19000
GET,/Pedidos/5925,75396,259,7,81.2827510610709,2.8271000046515837,19280.129499995383,358.76332961960844,95.54599984793371,0.3282191888245375,7,9,10,11,13,17,46,130,19000,19000,19000
GET,/Productos,100302,2,8,23.032782546702112,2.699800010304898,19159.89619999891,753.9849654044784,127.1082667084122,0.0025345111106141894,8,9,10,11,15,19,42,110,5400,7600,19000
PUT,Abrir Mesa,100302,18,11,22.755978880774748,5.282800004351884,19165.596999999252,166.3139817750394,127.1082667084122,0.022810599995527703,11,13,15,16,20,28,78,170,2500,4600,19000
POST,Agregar Item,250889,4637,13,19.022549749097124,4.75229999574367,27849.25199999998,106.17489407666338,317.94047901544167,5.876264009958998,13,15,16,17,21,27,60,120,710,3200,28000
PUT,Cerrar Mesa,100283,1394,13,21.567703405390173,5.196699989028275,19181.584599995404,60.42203563914123,127.08418885286137,1.76655424409809,13,15,17,18,22,28,63,130,1200,4200,19000
,Aggregated,752911,6747,11,36.92613340514845,2.215000000433065,27849.25199999998,270.1521640672005,954.1306474018199,8.550173231656968,11,13,14,15,19,25,56,130,7400,19000,28000
