Type,Name,Request Count,Failure Count,Median Response Time,Average Response Time,Min Response Time,Max Response Time,Average Content Size,Requests/s,Failures/s,50%,66%,75%,80%,90%,95%,98%,99%,99.9%,99.99%,100%
GET,/Categorias,41548,2996,41,702.9225247951911,0.34250004682689905,13447.757999994792,117.28449022816983,63.27247188160838,4.562537926188955,41,380,530,620,950,6700,7700,8300,10000,12000,13000
GET,/Mesas,10528,729,39,695.7677163472051,0.39359997026622295,14406.73680009786,1524.39570668693,16.03284355371072,1.110176951999916,39,380,530,620,940,6600,7800,8700,11000,14000,14000
GET,/Pedidos/5925,31400,2190,42,704.2455489172346,0.35939994268119335,13188.28530004248,334.89171974522293,47.81832138929679,3.3350994854318463,42,380,520,630,980,6600,7800,8600,11000,13000,13000
GET,/Productos,41545,1862,14,311.43946983263663,0.5103000439703465,11916.817500023171,719.0160548802503,63.26790325217628,2.8355960008557526,14,19,26,36,230,920,7000,7700,9700,11000,12000
PUT,Abrir Mesa,41540,2513,20,554.1440169021378,0.6584000075235963,35355.177599936724,154.3996148290804,63.26028886978945,3.8269885876211096,20,28,38,51,200,3900,9200,11000,19000,27000,35000
POST,Agregar Item,97831,5106,18,212.93060664700215,0.7395000429823995,15764.77619993966,102.20935081926997,148.98452865720682,7.775807293431511,18,23,29,35,67,310,3300,7800,11000,14000,16000
PUT,Cerrar Mesa,39018,1797,17,307.745474257717,1.1062000412493944,23751.947900047526,56.54113486083346,59.419594393872046,2.7366090298269534,17,22,28,34,69,450,7700,9300,14000,21000,24000
,Aggregated,303410,17193,19,420.02603784870934,0.34250004682689905,35355.177599936724,263.432388517188,462.0559519976605,26.18281527535604,19,28,48,87,590,1500,7500,8600,13000,21000,35000
