Type,Name,Request Count,Failure Count,Median Response Time,Average Response Time,Min Response Time,Max Response Time,Average Content Size,Requests/s,Failures/s,50%,66%,75%,80%,90%,95%,98%,99%,99.9%,99.99%,100%
GET,/Categorias,88431,2,6,8.42797918037605,2.0288000014261343,297.6264999997511,122.99986430098042,113.4798934754109,0.0025665183810069073,6,8,9,10,13,17,28,49,150,260,300
GET,/Mesas,22128,0,7,8.931554171188484,2.5913999998010695,286.09679999863147,1468.1105838756328,28.395959367460424,0.0,7,8,9,10,13,17,29,51,150,280,290
GET,/Pedidos/5925,66566,2,7,9.179211121282096,2.5926999987859745,274.9225000006845,359.98918366733767,85.4214312750529,0.0025665183810069073,7,8,10,10,14,18,30,51,150,250,270
GET,/Productos,88429,0,7,9.339319870182099,2.4999999986903276,276.9413000023633,754.0,113.4773269570299,0.0,7,9,10,11,14,18,27,42,160,220,280
PUT,Abrir Mesa,88429,1,11,15.98517138721346,5.4025999997975305,4139.208299999154,166.33859932827465,113.4773269570299,0.0012832591905034536,11,13,14,16,20,26,49,88,910,2100,4100
POST,Agregar Item,220840,3267,12,15.17962721834598,4.375200001959456,2041.3266000032309,106.0878282919761,283.3949596307827,4.192407775374783,12,14,15,17,21,26,43,73,250,1000,2000
PUT,Cerrar Mesa,88424,873,12,16.536796833438277,4.919499999232357,5358.187999998336,60.66513616212793,113.47091066107738,1.120285273309515,12,14,16,17,21,27,45,77,320,2100,5400
,Aggregated,663247,4145,10,12.97841296017734,2.0288000014261343,5358.187999998336,267.62835565030827,851.1178083238441,5.319109344636815,10,12,14,15,19,24,39,66,230,1600,5400
