Type,Name,Request Count,Failure Count,Median Response Time,Average Response Time,Min Response Time,Max Response Time,Average Content Size,Requests/s,Failures/s,50%,66%,75%,80%,90%,95%,98%,99%,99.9%,99.99%,100%
GET,/Categorias,66975,3864,20,732.2319152251846,0.3112000413239002,3008.320100023411,115.91072788353863,85.96603564495459,4.959653030714513,20,1400,1600,1700,1900,2100,2300,2400,2700,3000,3000
GET,/Mesas,16921,949,20,734.1858229240014,0.3229000139981508,3026.71599999303,1449.774422315466,21.71901887492761,1.2180928380300395,20,1400,1600,1700,1900,2100,2300,2400,2700,3000,3000
GET,/Pedidos/5925,50263,2840,21,734.2348989494618,0.3170999698340893,3023.5505999880843,339.6589936931739,64.51527957629492,3.645293635411288,21,1400,1600,1700,1900,2100,2300,2400,2700,3000,3000
GET,/Productos,66968,153,10,102.95170417500022,1.4893999905325472,3361.4666999783367,748.2864950424083,85.95705076627576,0.19638377683729827,10,13,15,17,27,1000,1800,2000,2500,2700,3400
PUT,Abrir Mesa,66967,173,16,21.670056254734142,1.5118999872356653,1080.415400036145,164.9141368136545,85.95576721217878,0.22205485877681438,16,19,22,24,32,45,78,140,440,920,1100
POST,Agregar Item,167159,3700,16,38.611680694545655,1.2288999860174954,2981.2759999767877,105.14437750883889,214.5576192963787,4.749150158810481,16,19,22,24,31,43,94,1200,2300,2800,3000
PUT,Cerrar Mesa,66777,1022,15,48.35749990859453,0.6192000000737607,2992.074500012677,59.349686269224435,85.71189193375338,1.3117922871092733,15,18,21,23,30,45,210,1700,2500,2700,3000
,Aggregated,502030,12701,15,231.85536052589933,0.3112000413239002,3361.4666999783367,263.0542238511643,644.3826633047637,16.30242058568971,15,20,25,31,1400,1800,2000,2200,2600,2900,3400
