Type,Name,Request Count,Failure Count,Median Response Time,Average Response Time,Min Response Time,Max Response Time,Average Content Size,Requests/s,Failures/s,50%,66%,75%,80%,90%,95%,98%,99%,99.9%,99.99%,100%
GET,/Categorias,68826,4173,22,1157.0895900270905,0.31779997516423464,4340.449400013313,115.54746752680673,87.20255066737597,5.287191525513032,22,2300,2600,2800,3100,3300,3600,3700,3900,4300,4300
GET,/Mesas,17145,1044,24,1161.5491476989855,0.3229000139981508,4262.168799992651,1462.1863517060367,21.722717159099194,1.3227481314727068,24,2300,2700,2800,3100,3300,3600,3700,3800,4200,4300
GET,/Pedidos/5925,51856,3127,23,1157.8716419354573,0.3279999946244061,4693.080800003372,338.2914224004937,65.70155853031484,3.961909393788462,23,2300,2700,2800,3100,3300,3600,3700,3900,4000,4700
GET,/Productos,68806,556,11,163.38732209100885,1.3640000252053142,4152.893599995878,743.9394820219167,87.17721066485734,0.7044520700180317,11,13,16,18,36,2000,2900,3200,3700,3900,4200
PUT,Abrir Mesa,68804,435,16,26.848268862233766,0.8924999856390059,2118.43279999448,164.29438695424685,87.17467666460549,0.5511450547802945,16,20,23,26,36,55,110,360,740,1700,2100
POST,Agregar Item,171132,4219,16,53.73089521416932,0.6604999653063715,4680.5290000047535,104.83134656288713,216.82426555094565,5.345473531305891,16,20,23,26,36,52,150,2100,3500,3900,4700
PUT,Cerrar Mesa,68345,1142,16,67.9955952008185,1.2878000270575285,4334.104700013995,59.26360377496525,86.59312360680282,1.4469141438140145,16,19,23,25,35,54,400,2700,3600,4000,4300
,Aggregated,514914,14696,16,362.24831916220546,0.31779997516423464,4693.080800003372,262.26957317144223,652.3961028440013,18.619833850692434,16,21,28,36,2300,2900,3200,3400,3800,4000,4700
