Type,Name,Request Count,Failure Count,Median Response Time,Average Response Time,Min Response Time,Max Response Time,Average Content Size,Requests/s,Failures/s,50%,66%,75%,80%,90%,95%,98%,99%,99.9%,99.99%,100%
GET,/Categorias,8724,568,9,10.585579928882416,0.3152999997837469,159.61040000547655,114.99174690508941,7.878185342060668,0.5129309117710293,9,11,13,14,17,23,33,39,140,160,160
GET,/Mesas,2176,151,9,10.734836029240903,0.34529999538790435,191.23039999976754,883.7895220588235,1.9650310986157742,0.1363601543616645,9,11,13,14,18,22,32,37,140,190,190
GET,/Pedidos/5925,6486,436,9,11.01511976563601,0.3343000134918839,191.22329998936038,335.80018501387605,5.857165305892423,0.3937286576270577,9,12,14,15,18,22,32,39,140,190,190
GET,/Productos,8724,0,7,8.016548945440011,3.2266000052914023,158.21059999871068,750.0,7.878185342060668,0.0,7,8,9,9,12,15,22,28,120,160,160
PUT,Abrir Mesa,8724,0,9,10.088448899660102,4.8867000004975125,139.9175000115065,163.33482347546996,7.878185342060668,0.0,9,10,11,11,13,17,21,28,120,140,140
POST,Agregar Item,21895,48,8,9.050859904022285,4.280199995264411,146.90130000235513,99.82420643982644,19.77222238244135,0.04334627423417149,8,9,10,10,12,13,17,23,82,140,150
PUT,Cerrar Mesa,8724,17,8,8.992760843706082,4.738600007840432,146.99380000820383,58.15577716643742,7.878185342060668,0.015351805457935736,8,9,10,10,12,13,15,20,120,150,150
,Aggregated,65453,1220,8,9.498740985116445,0.3152999997837469,191.23039999976754,240.86365789192246,59.10716015519222,1.1017178034518587,8,9,10,11,14,17,24,31,120,160,190
