Type,Name,Request Count,Failure Count,Median Response Time,Average Response Time,Min Response Time,Max Response Time,Average Content Size,Requests/s,Failures/s,50%,66%,75%,80%,90%,95%,98%,99%,99.9%,99.99%,100%
GET,/Categorias,88541,1,6,8.002672267111368,2.2430999961216003,299.51890000666026,122.99993223478388,113.67710532061092,0.0012838922682216253,6,7,8,9,11,14,28,45,140,280,300
GET,/Mesas,22021,0,7,8.471220112590588,2.9156999953556806,294.54449999320786,1473.7565959765677,28.27259163850841,0.0,7,8,9,9,11,14,27,44,140,290,290
GET,/Pedidos/5925,66467,1,7,8.807458067872888,2.880700005334802,303.7724000023445,359.99458377841637,85.33646739188676,0.0012838922682216253,7,8,9,10,12,15,29,46,140,290,300
GET,/Productos,88541,0,7,8.792738282835536,2.8735000087181106,280.516600003466,754.0,113.67710532061092,0.0,7,8,9,10,12,16,25,35,140,160,280
PUT,Abrir Mesa,88539,13,11,14.49232968519861,5.8585000078892335,4699.919300008332,165.32221958684875,113.67453753607447,0.016690599486881126,11,12,13,14,18,24,49,69,190,2800,4700
POST,Agregar Item,221246,3412,12,14.475955965755338,4.780600007507019,2024.5343999995384,105.12099201793478,284.0560287749617,4.3806404191721855,12,14,15,16,19,24,46,65,180,300,2000
PUT,Cerrar Mesa,88519,850,12,15.446119712156019,5.156400002306327,5096.824399995967,59.69467571933709,113.64885969071004,1.0913084279883813,12,14,15,16,19,24,47,64,180,3000,5100
,Aggregated,663874,4277,10,12.219474330064175,2.2430999961216003,5096.824399995967,266.93466079406636,852.3426956733632,5.491207231183891,10,12,13,14,17,22,39,58,170,980,5100
