Type,Name,Request Count,Failure Count,Median Response Time,Average Response Time,Min Response Time,Max Response Time,Average Content Size,Requests/s,Failures/s,50%,66%,75%,80%,90%,95%,98%,99%,99.9%,99.99%,100%
GET,/Categorias,21116,2502,5300.0,3891.5034989817777,0.4239999980200082,9933.261199999833,108.44809623034665,26.77590003738444,3.172632216969874,5300,7000,7300,7500,7900,8100,8400,8600,9300,9900,9900
GET,/Mesas,5283,635,5600.0,3967.4263842323426,0.3482000029180199,9702.318800002104,2077.1415862199506,6.699047163170202,0.8052044195746884,5600,7000,7300,7500,7900,8100,8400,8600,9300,9700,9700
GET,/Pedidos/5925,15875,1901,5500.0,3911.521614431521,0.5052000051364303,10010.263300006045,316.8907086614173,20.13011048936721,2.4105411048999725,5500,7000,7300,7500,7800,8100,8400,8600,9300,9700,10000
GET,/Productos,21088,5037,220.0,1068.527516502262,0.5284999788273126,9657.97850000672,570.8578338391502,26.74039496061579,6.387109702988512,220,330,440,540,6300,7300,7900,8200,8800,9300,9700
PUT,Abrir Mesa,21022,4352,1600.0,3143.144694006183,0.5418999935500324,33598.64110001945,131.12486918466368,26.656704422518267,5.518503360612668,1600,2600,5600,7600,8800,9600,11000,12000,18000,28000,34000
POST,Agregar Item,41492,18444,1300.0,2930.667357601474,0.40469999657943845,13542.3015000124,89.8811337125229,52.61345161731176,23.38770128289063,1300,2000,6700,7800,8600,9100,9500,9900,11000,12000,14000
PUT,Cerrar Mesa,16393,6534,2100.0,4159.675630238429,0.6576000014320016,25400.21560000605,36.25071676935277,20.786954409587192,8.28536327165514,2100,7400,8000,8300,9000,9700,11000,12000,18000,25000,25000
,Aggregated,142269,39405,1200.0,3118.2156037857617,0.3482000029180199,33598.64110001945,262.970373025747,180.40256309995485,49.967055359591484,1200,4600,7100,7500,8200,8800,9500,10000,14000,22000,34000
