Type,Name,Request Count,Failure Count,Median Response Time,Average Response Time,Min Response Time,Max Response Time,Average Content Size,Requests/s,Failures/s,50%,66%,75%,80%,90%,95%,98%,99%,99.9%,99.99%,100%
GET,/Categorias,42703,9,14,19.875724815615683,2.860399996279739,452.6895000017248,122.9987354518418,57.00382471211535,0.012014013591762598,14,17,20,22,35,55,100,140,250,330,450
GET,/Mesas,10674,1,15,20.608096777174456,3.3319999929517508,326.08510000864044,1507.5470301667604,14.248620119830441,0.0013348903990847332,15,18,21,23,35,55,100,130,250,310,330
GET,/Pedidos/5925,31654,0,15,21.00519673345014,3.370500009623356,418.741500005126,360.0,42.254620692628144,0.0,15,18,21,24,36,56,100,140,250,350,420
GET,/Productos,42703,0,15,20.2169530501054,3.3306999976048246,394.7096000047168,754.0,57.00382471211535,0.0,15,19,22,24,35,50,84,130,250,350,390
PUT,Abrir Mesa,42703,2,20,26.832612149021628,6.45760000043083,1567.5570999883348,165.33953118047913,57.00382471211535,0.0026697807981694664,20,24,28,31,46,65,110,150,290,1100,1600
POST,Agregar Item,107021,2828,20,25.477481991390622,5.807000008644536,1998.117800001637,105.4017716149167,142.8613054004472,3.7750700486116253,20,23,26,29,43,60,96,140,280,360,2000
PUT,Cerrar Mesa,42701,846,20,25.25872848180188,6.225899996934459,3075.660799993784,59.07922531088265,57.00115493131719,1.1293172776256841,20,23,26,28,40,56,87,130,270,2100,3100
,Aggregated,320159,3686,18,23.575718774114414,2.860399996279739,3075.660799993784,267.9946932617855,427.3771752805691,4.920406011026326,18,22,25,27,40,58,97,140,270,900,3100
