Type,Name,Request Count,Failure Count,Median Response Time,Average Response Time,Min Response Time,Max Response Time,Average Content Size,Requests/s,Failures/s,50%,66%,75%,80%,90%,95%,98%,99%,99.9%,99.99%,100%
GET,/Categorias,43412,2,6,8.981001308368965,2.0629999999073334,419.4828000036068,122.99972357873399,58.02752894407396,0.002673340502352988,6,7,8,9,18,24,36,52,220,280,420
GET,/Mesas,10964,0,6,9.604666982843222,2.593400000478141,307.17400000139605,1345.8418460415908,14.65525263389908,0.0,6,7,8,10,19,25,37,53,240,300,310
GET,/Pedidos/5925,32599,4,6,9.789764351649481,2.711100001761224,394.1056999974535,359.95582686585476,43.57411351810253,0.005346681004705976,6,7,9,10,19,25,38,57,220,290,390
GET,/Productos,43412,0,6,9.300055380992257,2.531400001316797,423.84450000099605,754.0,58.02752894407396,0.0,6,8,9,10,19,24,33,41,140,280,420
PUT,Abrir Mesa,43412,0,10,13.452296519379571,5.5738000010023825,1034.0035000044736,166.34446696765872,58.02752894407396,0.0,10,11,13,14,24,31,40,49,180,830,1000
POST,Agregar Item,108608,1098,10,13.160365076243663,4.528299999947194,307.4542000031215,105.96526959340012,145.17308263977665,1.4676639357917904,10,11,13,14,24,30,40,49,160,250,310
PUT,Cerrar Mesa,43412,248,10,13.446291546095042,4.779299997608177,1039.7490999966976,60.92253294020087,58.02752894407396,0.3314942222917705,10,11,13,14,24,30,40,50,180,680,1000
,Aggregated,325819,1352,9,11.709267308527032,2.0629999999073334,1039.7490999966976,263.75721796457543,435.5125645680741,1.8071781795906199,9,10,12,13,22,28,39,49,180,280,1000
