Type,Name,Request Count,Failure Count,Median Response Time,Average Response Time,Min Response Time,Max Response Time,Average Content Size,Requests/s,Failures/s,50%,66%,75%,80%,90%,95%,98%,99%,99.9%,99.99%,100%
GET,/Categorias,20781,2544,4400.0,3144.8353135175335,0.4481002688407898,8475.704799871892,107.98181030749242,26.660585280438806,3.2637759950645453,4400,5500,5800,5900,6300,6600,6900,7000,7600,8200,8500
GET,/Mesas,5272,652,4500.0,3149.4453360335597,0.5601001903414726,8605.213399976492,2081.198027314112,6.763611260212375,0.8364708918168567,4500,5400,5700,5900,6200,6500,6800,7000,7700,8600,8600
GET,/Pedidos/5925,15494,1882,4400.0,3097.177284651444,0.46980008482933044,8412.163900211453,316.27210533109593,19.87773005799138,2.4144757950909885,4400,5400,5800,5900,6300,6500,6900,7000,7600,8000,8400
GET,/Productos,20767,5128,220.0,902.880614063589,0.49400003626942635,7956.221899949014,564.8023306206964,26.642624249019423,6.578869222755892,220,330,440,560,4900,5800,6300,6500,7200,7700,8000
PUT,Abrir Mesa,20697,4275,1700.0,2835.048068110366,0.5116998217999935,20946.10460009426,131.19944919553558,26.552819091922522,5.48452923698936,1700,2700,5400,6300,7300,8100,9300,11000,16000,19000,21000
POST,Agregar Item,40518,18269,1400.0,2524.174017459534,0.5377000197768211,10393.36090022698,89.91549434819093,51.981790789318104,23.4378630714757,1400,2000,5500,6200,7000,7500,8000,8300,9300,9900,10000
PUT,Cerrar Mesa,16188,6615,2300.0,3576.476859489471,0.6284001283347607,21800.380299799144,35.64350135903138,20.768084044066377,8.48658734565722,2300,6000,6500,6800,7400,8100,9100,10000,14000,20000,22000
,Aggregated,139717,39365,1300.0,2630.6173560049583,0.4481002688407898,21800.380299799144,263.25532326059107,179.24724477296897,50.50257155885056,1300,4300,5600,6000,6700,7300,8000,8600,12000,17000,22000
