Type,Name,Request Count,Failure Count,Median Response Time,Average Response Time,Min Response Time,Max Response Time,Average Content Size,Requests/s,Failures/s,50%,66%,75%,80%,90%,95%,98%,99%,99.9%,99.99%,100%
GET,/Categorias,69129,3087,91,2092.7333954488267,0.3386000171303749,28391.93130005151,117.51920322874626,85.43822440359415,3.8152989155621397,91,4700,5000,5000,5100,5200,5300,5400,18000,26000,28000
GET,/Mesas,17340,827,90,2063.668994233956,0.33950014039874077,27254.284500144422,1554.8331026528258,21.43093074047538,1.022109557230285,90,4600,5000,5000,5100,5200,5300,5400,18000,27000,27000
GET,/Pedidos/5925,52233,2368,100,2087.1664921598085,0.3254995681345463,26505.212199874222,343.67928321176265,64.55604413882645,2.926669203774262,100,4700,5000,5000,5100,5200,5300,5400,17000,26000,27000
GET,/Productos,69074,1067,14,214.27918807041854,2.04299995675683,26248.35880007595,738.4145988360309,85.37024855637812,1.3187314359911897,14,20,27,35,97,780,5000,5100,11000,18000,26000
PUT,Abrir Mesa,68984,822,21,101.56013540275758,0.6331000477075577,19178.8037000224,163.3697813985852,85.25901535184278,1.0159299347560993,21,28,37,47,110,240,1100,1700,12000,14000,19000
POST,Agregar Item,170392,6196,20,122.04708959604928,1.0962998494505882,23545.74239999056,103.60219963378563,210.5916465242838,7.657788170010695,20,27,34,42,94,190,1100,4700,7000,18000,24000
PUT,Cerrar Mesa,67866,1972,20,149.85322528547965,0.5252002738416195,28625.12190034613,58.51911118969735,83.87725176661489,2.4372431038187687,20,26,33,42,100,220,1700,5000,9900,20000,29000
,Aggregated,515018,16339,21,664.5291743862397,0.3254995681345463,28625.12190034613,265.88543701385197,636.5233614820155,20.19377032114344,21,32,60,110,4700,5100,5100,5200,13000,21000,29000
