Type,Name,Request Count,Failure Count,Median Response Time,Average Response Time,Min Response Time,Max Response Time,Average Content Size,Requests/s,Failures/s,50%,66%,75%,80%,90%,95%,98%,99%,99.9%,99.99%,100%
GET,/Categorias,28621,1927,10,12.015341438402782,0.30960002914071083,176.7111998051405,114.74316061633067,38.763694114835396,2.6098891918272527,10,13,14,16,20,25,33,44,140,170,180
GET,/Mesas,7139,470,11,12.650521055486465,0.33609988167881966,165.62419990077615,1185.457767194285,9.668914862716532,0.6365583394700617,11,14,15,17,21,26,34,46,120,170,170
GET,/Pedidos/5925,21523,1501,11,13.081450055764895,0.3078002482652664,188.68459993973374,334.8938345026251,29.15030880939178,2.0329235479671546,11,14,16,17,22,27,35,45,150,170,190
GET,/Productos,28621,1,9,11.100131344427762,3.144499845802784,185.34120032563806,749.9737954648684,38.763694114835396,0.0013543794456809823,9,11,13,14,18,23,29,36,150,170,190
PUT,Abrir Mesa,28621,1,15,17.83545850645163,1.549100037664175,609.0390998870134,165.32996750637645,38.763694114835396,0.0013543794456809823,15,18,21,23,31,40,52,64,170,190,610
POST,Agregar Item,71579,795,13,15.24903570017681,4.395300056785345,1012.962999753654,104.01542351807095,96.94512634239904,1.076731659316381,13,16,18,19,24,30,40,50,170,180,1000
PUT,Cerrar Mesa,28620,198,12,14.136183780053752,4.6652997843921185,1036.3982003182173,59.853459119496854,38.76233973538971,0.26816713024483446,12,14,17,18,22,26,35,42,170,1000,1000
,Aggregated,214724,4893,12,14.157751485460336,0.3078002482652664,1036.3982003182173,252.93028259533168,290.8177720944032,6.626978627717047,12,15,17,18,23,29,39,50,160,180,1000
