Type,Name,Request Count,Failure Count,Median Response Time,Average Response Time,Min Response Time,Max Response Time,Average Content Size,Requests/s,Failures/s,50%,66%,75%,80%,90%,95%,98%,99%,99.9%,99.99%,100%
GET,/Categorias,124309,5,25,111.87209001039459,2.5563999952282757,9508.826700010104,122.99975866590512,151.7534653452102,0.006103880867242525,25,40,56,80,220,390,920,2100,4900,8700,9500
GET,/Mesas,30895,1,26,113.92648549279188,3.1490999972447753,9502.311299991561,1963.921605437773,37.71587987869156,0.001220776173448505,26,41,58,81,220,390,950,2100,4900,8700,9500
GET,/Pedidos/5925,93036,3,26,112.00775970803542,3.0104000034043565,9511.444899995695,359.98839159035214,113.5761320729551,0.003662328520345515,26,41,58,81,220,390,920,2000,4900,8700,9500
GET,/Productos,124307,0,24,106.86161397828957,2.921699997386895,9506.952099996852,754.0,151.75102379286332,0.0,24,37,52,74,210,360,900,2000,6800,8700,9500
PUT,Abrir Mesa,124306,346,43,338.86220815004276,6.131899994215928,31612.2034,164.87938635303203,151.74980301668987,0.4223885560131827,43,67,96,130,370,1200,3500,7100,19000,30000,32000
POST,Agregar Item,309623,34844,41,140.57823271333277,5.070799990789965,19955.468300002394,107.48083637197495,377.98038115164644,42.53672498763971,41,64,88,120,260,570,1100,1600,7900,19000,20000
PUT,Cerrar Mesa,123950,15489,40,162.7555676514462,4.969699992216192,30410.517399999662,52.73758773699072,151.3152066989422,18.908602150543892,40,63,87,110,250,540,1100,2100,11000,28000,30000
,Aggregated,930426,50688,34,157.94193132123698,2.5563999952282757,31612.2034,283.19882827865945,1135.8418919569988,61.87870267975782,34,54,78,100,250,540,1200,2200,11000,24000,32000
