Type,Name,Request Count,Failure Count,Median Response Time,Average Response Time,Min Response Time,Max Response Time,Average Content Size,Requests/s,Failures/s,50%,66%,75%,80%,90%,95%,98%,99%,99.9%,99.99%,100%
GET,/Categorias,20179,2298,3300.0,2392.2221754004786,0.4234001971781254,7244.403299875557,109.02165617721394,26.22293718785085,2.9862882034630682,3300,4100,4300,4500,4800,5000,5300,5500,6100,6900,7200
GET,/Mesas,4995,565,3300.0,2397.668506445697,0.4298998974263668,7277.712200302631,2093.936136136136,6.49108336653526,0.7342266470655499,3300,4100,4300,4500,4800,5000,5300,5500,6200,7300,7300
GET,/Pedidos/5925,15022,1781,3200.0,2376.1709218058318,0.42219972237944603,6799.5008998550475,317.3185993875649,19.52133219861715,2.3144383334933525,3200,4100,4300,4400,4700,4900,5200,5400,6100,6600,6800
GET,/Productos,20152,4719,220.0,692.2419798380572,0.41060009971261024,6977.364699821919,574.3722707423581,26.187850250734442,6.1324168982342115,220,330,440,550,3500,4300,4700,4900,5600,6400,7000
PUT,Abrir Mesa,20092,4054,1600.0,2446.554077652497,0.5274000577628613,21321.789500303566,131.97705554449533,26.10987927936465,5.268238632219007,1600,2500,4300,4900,5900,6700,8000,9500,15000,20000,21000
POST,Agregar Item,40098,17863,1400.0,2163.8077409520665,0.3984002396464348,10764.96439985931,90.89585515487057,52.108000166432596,23.213257692976843,1400,2000,4300,4900,5600,6000,6500,6800,7800,9200,11000
PUT,Cerrar Mesa,15849,6324,2200.0,2936.7082416039484,0.4520001821219921,18218.058499973267,36.22228531768566,20.596032087330794,8.218140382376172,2200,4600,5100,5300,5900,6600,7700,8800,14000,16000,18000
,Aggregated,136387,37604,1300.0,2143.5937565767695,0.3984002396464348,21321.789500303566,263.0102649079458,177.23711453686573,48.8670067898282,1300,3200,4200,4500,5200,5800,6500,7100,12000,17000,21000
