Type,Name,Request Count,Failure Count,Median Response Time,Average Response Time,Min Response Time,Max Response Time,Average Content Size,Requests/s,Failures/s,50%,66%,75%,80%,90%,95%,98%,99%,99.9%,99.99%,100%
GET,/Categorias,14290,980,9,9.61877174950902,0.3245999978389591,208.780500019202,114.56473058082575,19.6539955325616,1.3478597356130417,9,11,12,13,16,18,23,28,140,190,210
GET,/Mesas,3682,242,9,9.979788457327519,0.3335000074002892,162.37479998380877,1089.0516023900054,5.064101578089,0.33283883267179193,9,11,12,13,16,19,23,29,130,160,160
GET,/Pedidos/5925,10737,752,9,10.014862950482474,0.31110001145862043,206.28080001915805,334.7862531433361,14.767316307425745,1.034276042021436,9,11,13,14,17,19,23,26,140,170,210
GET,/Productos,14290,0,7,7.6489228410857315,3.100600006291643,163.71319998870604,750.0,19.6539955325616,0.0,7,8,8,9,11,14,18,21,43,140,160
PUT,Abrir Mesa,14290,0,9,10.295707991585331,5.019400006858632,152.8280999918934,165.33757872638208,19.6539955325616,0.0,9,10,11,12,14,16,20,24,130,140,150
POST,Agregar Item,35892,225,9,9.614363964103932,4.564500006381422,145.06320000509731,103.89384821130056,49.364675133289076,0.30945759236013715,9,10,11,11,13,15,18,22,120,140,150
PUT,Cerrar Mesa,14290,34,9,9.679339978982583,4.642299987608567,144.2129999923054,60.125402379286214,19.6539955325616,0.046762480623309614,9,10,11,11,13,15,18,21,120,130,140
,Aggregated,107471,2233,9,9.505380122989859,0.31110001145862043,208.780500019202,250.3925896288301,147.81207514905023,3.0711946832897166,9,10,11,11,14,16,20,24,130,160,210
