Type,Name,Request Count,Failure Count,Median Response Time,Average Response Time,Min Response Time,Max Response Time,Average Content Size,Requests/s,Failures/s,50%,66%,75%,80%,90%,95%,98%,99%,99.9%,99.99%,100%
GET,/Categorias,73513,2,5,6.628917441816615,2.340799997909926,321.35709999420214,122.99983676356563,95.63596761749932,0.0026018790586018613,5,6,7,7,9,11,15,22,130,170,320
GET,/Mesas,18362,0,6,7.176831412662008,2.837699998053722,150.64770000753924,1384.1407254111753,23.88785163702369,0.0,6,7,7,8,10,12,16,24,130,150,150
GET,/Pedidos/5925,54758,0,6,7.333420563239803,2.892699994845316,282.09500000230037,360.0,71.23684674546037,0.0,6,7,8,8,10,12,17,23,130,170,280
GET,/Productos,73513,0,6,7.352030167456767,2.827500007697381,193.10160000168253,754.0,95.63596761749932,0.0,6,7,8,9,10,12,17,21,130,150,190
PUT,Abrir Mesa,73512,0,10,11.330984254246033,5.6290000065928325,317.1061000030022,166.34560343889433,95.63466667797002,0.0,10,11,12,12,14,17,24,34,160,190,320
POST,Agregar Item,183793,1730,11,11.861882663616852,4.895500009297393,285.9606999991229,105.97258328663224,239.10357890880596,2.25062538569061,11,12,13,13,15,17,23,30,150,180,290
PUT,Cerrar Mesa,73510,383,11,12.01489109646901,5.130799996550195,296.81970000092406,60.954346347435724,95.63206479891141,0.49825983972225646,11,12,13,13,15,18,23,30,150,190,300
,Aggregated,550961,2115,9,9.90530143258006,2.340799997909926,321.35709999420214,264.6022713041395,716.7669440031701,2.7514871044714684,9,10,11,12,14,16,21,28,140,180,320
