Type,Name,Request Count,Failure Count,Median Response Time,Average Response Time,Min Response Time,Max Response Time,Average Content Size,Requests/s,Failures/s,50%,66%,75%,80%,90%,95%,98%,99%,99.9%,99.99%,100%
GET,/Categorias,72944,4389,39,965.2278313020779,0.3249000001233071,4170.031399989966,115.6039701688967,92.48266383956467,5.56463056031818,39,1100,2000,2500,3100,3600,3800,3900,4100,4200,4200
GET,/Mesas,18125,1101,42,964.5416262345259,0.33129999064840376,4169.736600015312,1532.0132413793103,22.979933676410802,1.3959121091160438,42,1200,2000,2500,3100,3600,3800,3900,4100,4100,4200
GET,/Pedidos/5925,54464,3365,39,961.3343734576648,0.30880002304911613,4152.253100008238,337.7577849588719,69.05264042769865,4.2663435487515775,39,1100,2000,2500,3100,3600,3800,3900,4000,4100,4200
GET,/Productos,72906,1084,12,138.86350647685032,0.8283000206574798,4150.553299987223,738.848654431734,92.43448521999481,1.3743585161505827,12,17,24,32,70,480,2700,3200,3900,4100,4200
PUT,Abrir Mesa,72903,1134,18,42.3467623801805,0.39950001519173384,4079.117100016447,162.76796565299097,92.43068164476561,1.437751436637233,18,25,33,40,71,120,370,510,1500,3100,4100
POST,Agregar Item,179712,7320,18,59.362449710712326,0.6331000186037272,4183.914599998388,103.42723357371794,227.84937052993865,9.280723559245631,18,23,30,36,62,100,370,1000,3800,4000,4200
PUT,Cerrar Mesa,71741,2341,17,74.04491941143601,0.7000999758020043,4150.293399987277,58.304484186169695,90.95743017265586,2.968056537184976,17,23,29,36,64,120,520,2300,3900,4100,4200
,Aggregated,542795,20734,18,312.1609468858453,0.30880002304911613,4183.914599998388,263.6330585211728,688.187205511029,26.287776267404226,18,28,45,64,1300,2800,3400,3700,4000,4100,4200
