Type,Name,Request Count,Failure Count,Median Response Time,Average Response Time,Min Response Time,Max Response Time,Average Content Size,Requests/s,Failures/s,50%,66%,75%,80%,90%,95%,98%,99%,99.9%,99.99%,100%
GET,/Categorias,75653,4964,64,1321.7931475923042,0.3102999762631953,4805.704900005367,114.93704149207566,94.63060873047866,6.209222922264762,64,1300,3300,3700,4200,4300,4500,4500,4700,4800,4800
GET,/Mesas,18929,1237,55,1295.1972531089743,0.3370000049471855,4833.419199974742,1521.6335781076655,23.677353081295262,1.5473023277279432,55,1200,3300,3700,4200,4300,4500,4500,4700,4800,4800
GET,/Pedidos/5925,56558,3657,59,1306.1500431699396,0.3245000261813402,4797.845499997493,336.7226563881325,70.74561443139613,4.5743610448674925,59,1300,3300,3700,4200,4300,4500,4500,4700,4700,4800
GET,/Productos,75549,1730,12,187.52771906448757,0.3464000183157623,4778.698900016025,732.8257157606322,94.50052025668423,2.1639717275419095,12,17,27,38,110,730,3800,4200,4500,4700,4800
PUT,Abrir Mesa,75548,1792,18,62.11233523442324,0.6631999858655035,3407.699700037483,161.4214539100969,94.49926940597466,2.2415244715347407,18,25,34,45,93,290,700,830,1900,2800,3400
POST,Agregar Item,184656,8196,18,76.8998014286582,0.5612000240944326,4813.000699970871,103.77512238974093,230.97708862484325,10.25197241556849,18,24,31,38,70,160,640,1400,4500,4700,4800
PUT,Cerrar Mesa,73732,2621,17,93.66321542203832,0.6481999880634248,4801.0621999856085,58.129672326805185,92.22772451741044,3.278479709761471,17,22,29,37,74,200,770,3300,4600,4800,4800
,Aggregated,560625,24197,18,425.1569591482895,0.3102999762631953,4833.419199974742,263.1897043478261,701.2581790480826,30.26683461926681,18,29,52,83,1400,3800,4300,4400,4600,4700,4800
