Type,Name,Request Count,Failure Count,Median Response Time,Average Response Time,Min Response Time,Max Response Time,Average Content Size,Requests/s,Failures/s,50%,66%,75%,80%,90%,95%,98%,99%,99.9%,99.99%,100%
GET,/Categorias,20665,2451,4100.0,3171.946823870874,0.38160011172294617,8468.355000019073,108.4567142511493,26.5341296089958,3.147115977336013,4100,5500,5900,6000,6300,6600,6800,7000,7500,8100,8500
GET,/Mesas,5257,629,3900.0,3075.2088888512,0.3149998374283314,8180.507100187242,2081.741677762983,6.750056586232322,0.8076442063420449,3900,5500,5800,6000,6300,6600,6800,7000,7600,8200,8200
GET,/Pedidos/5925,15429,1900,4100.0,3122.8482057041265,0.4929997958242893,8230.790799949318,315.6678981139413,19.811037296743102,2.4396247886325684,4100,5500,5800,6000,6300,6500,6800,6900,7400,8100,8200
GET,/Productos,20642,5052,220.0,896.6441061084686,0.521400012075901,7594.910399988294,566.4422052126732,26.504597308922882,6.486833911669334,220,330,450,560,4800,5800,6300,6600,7100,7500,7600
PUT,Abrir Mesa,20559,4174,1600.0,2819.039229196959,0.4551997408270836,22851.596099790186,131.77995038669195,26.39802422605104,5.359470456711758,1600,2600,5200,6200,7300,8100,9500,11000,16000,22000,23000
POST,Agregar Item,40588,18232,1400.0,2553.9912660151567,0.6014998070895672,13282.142499927431,90.29168719818665,52.11552153737825,23.410125866499467,1400,2000,5400,6300,7100,7500,8000,8300,9300,11000,13000
PUT,Cerrar Mesa,16172,6492,2200.0,3546.2951243887987,0.4837997257709503,25783.201499842107,36.07550086569379,20.7650589904031,8.33581269884349,2200,5900,6500,6800,7400,8100,9300,11000,17000,23000,26000
,Aggregated,139312,38930,1300.0,2637.061535386681,0.3149998374283314,25783.201499842107,263.47586711841046,178.8784255547265,49.98662790603468,1300,4000,5600,6000,6700,7300,8000,8600,13000,20000,26000
