Type,Name,Request Count,Failure Count,Median Response Time,Average Response Time,Min Response Time,Max Response Time,Average Content Size,Requests/s,Failures/s,50%,66%,75%,80%,90%,95%,98%,99%,99.9%,99.99%,100%
GET,/Categorias,246,18,8,9.444799593875063,0.5207000067457557,125.4565000126604,114.0,3.8542719787896003,0.28201990088704393,8,10,11,13,14,16,18,99,130,130,130
GET,/Mesas,56,4,8,12.861748214033598,3.1226999999489635,109.5359000028111,719.5892857142857,0.8773952472041366,0.06267108908600975,8,11,12,14,19,39,100,110,110,110,110
GET,/Pedidos/296,165,6,8,10.346353940037785,0.4311000229790807,130.4686999937985,340.1636363636364,2.5851824247979027,0.09400663362901464,8,11,12,13,16,17,19,120,130,130,130
GET,/Productos,246,0,6,7.034038618132207,3.4850000229198486,125.85320000653155,750.0,3.8542719787896003,0.0,6,7,7,8,10,11,16,16,130,130,130
PUT,Abrir Mesa,246,0,8,8.157627641557474,5.344300006981939,18.10350001323968,162.34959349593495,3.8542719787896003,0.0,8,8,9,9,10,11,16,16,18,18,18
POST,Agregar Item,615,0,7,7.8742261789549834,4.718999989563599,124.38910000491887,97.73983739837398,9.635679946974001,0.0,7,8,8,8,9,10,11,14,120,120,120
PUT,Cerrar Mesa,246,0,7,9.620603659863175,5.410099984146655,124.51389999478124,57.292682926829265,3.8542719787896003,0.0,7,8,8,8,9,11,41,120,120,120,120
,Aggregated,1820,28,7,8.624887088160824,0.4311000229790807,130.4686999937985,232.47802197802199,28.51534553413444,0.4386976236020683,7,8,9,9,11,14,17,39,130,130,130
