Type,Name,Request Count,Failure Count,Median Response Time,Average Response Time,Min Response Time,Max Response Time,Average Content Size,Requests/s,Failures/s,50%,66%,75%,80%,90%,95%,98%,99%,99.9%,99.99%,100%
GET,/Categorias,90996,6541,110.0,685.5729701886202,0.32130000181496143,5558.3650000044145,114.16105103521033,113.87856795755141,8.18585116939584,110,530,770,1000,2400,3800,4300,4500,4700,4700,5600
GET,/Mesas,22706,1572,110.0,692.5307450321956,0.3332000342197716,4760.732700000517,1705.2773275786135,28.415828872084074,1.967307451198633,110,540,770,1000,2500,3800,4300,4500,4700,4700,4800
GET,/Pedidos/5925,67494,4753,120.0,696.8591645805037,0.32220000866800547,5597.205600002781,334.6484131922838,84.46657068142528,5.948226663834035,120,550,780,1000,2500,3800,4300,4500,4700,4700,5600
GET,/Productos,90979,5248,29,127.6644612217823,0.4881999921053648,4763.621599995531,706.7372690401081,113.85729300419875,6.567703246749635,29,45,60,79,280,600,870,2400,4400,4700,4800
PUT,Abrir Mesa,90979,5451,40,118.18061812509264,0.3784999717026949,6839.321899984498,155.4342980248189,113.85729300419875,6.821751219137245,40,63,84,100,320,620,810,1000,3300,5500,6800
POST,Agregar Item,213636,19393,35,98.5030780851418,0.5462999688461423,4750.780400005169,101.70377183620738,267.3585843793074,24.26971590400451,35,53,67,78,150,430,760,1100,4400,4700,4800
PUT,Cerrar Mesa,85519,6708,34,116.7848948619289,0.6757999653927982,5170.759899949189,55.544183163975255,107.02427857446304,8.394846299389586,34,54,69,83,180,500,920,1600,4500,4700,5200
,Aggregated,662309,49666,40,269.5730905567822,0.32130000181496143,6839.321899984498,266.6612759301172,828.8584164732287,62.155401953709486,40,66,110,190,680,1400,3300,4200,4600,4700,6800
