Type,Name,Request Count,Failure Count,Median Response Time,Average Response Time,Min Response Time,Max Response Time,Average Content Size,Requests/s,Failures/s,50%,66%,75%,80%,90%,95%,98%,99%,99.9%,99.99%,100%
GET,/Categorias,21370,2613,4900.0,3931.459848244116,0.3220001235604286,9998.7344997935,107.97669630322882,27.06973424955065,3.309930537860358,4900,7000,7300,7500,7900,8200,8600,8800,9300,9900,10000
GET,/Mesas,5147,665,4900.0,3928.678865804244,0.4270002245903015,9778.913400135934,2063.527297454828,6.519790462444417,0.8423665547941592,4900,7000,7300,7500,7900,8200,8600,8700,9400,9800,9800
GET,/Pedidos/5925,15738,1985,4800.0,3883.6948449007123,0.39510009810328484,9752.102000173181,314.5939763629432,19.935586224587183,2.5144324981449713,4800,7000,7300,7500,7900,8200,8600,8700,9300,9700,9800
GET,/Productos,21345,5412,220.0,1072.2269840085821,0.5207001231610775,9247.266499791294,559.8383696416023,27.038066333956884,6.85547036773833,220,330,460,580,5900,7300,7900,8200,8800,9100,9200
PUT,Abrir Mesa,21256,4613,1700.0,3142.6597276183697,0.4021003842353821,19701.492599677294,129.4673974407226,26.92532855444308,5.843363785361588,1700,2700,5600,7500,8800,9600,11000,12000,16000,19000,20000
POST,Agregar Item,41210,18747,1400.0,2918.4150338200425,0.4235999658703804,12423.81939990446,89.80339723368114,52.20139206476286,23.747136545452786,1400,2000,6100,7600,8600,9100,9600,9900,11000,12000,12000
PUT,Cerrar Mesa,16389,6642,2400.0,4225.835232608629,0.5021998658776283,22210.390999913216,35.84349258649094,20.760218746648835,8.413531814951588,2400,7500,8100,8400,9000,9700,11000,12000,16000,22000,22000
,Aggregated,142455,40677,1300.0,3120.774657703753,0.3220001235604286,22210.390999913216,258.8148046751606,180.45011663639391,51.52623210430378,1300,4500,7000,7500,8300,8900,9600,10000,13000,18000,22000
