Type,Name,Request Count,Failure Count,Median Response Time,Average Response Time,Min Response Time,Max Response Time,Average Content Size,Requests/s,Failures/s,50%,66%,75%,80%,90%,95%,98%,99%,99.9%,99.99%,100%
GET,/Categorias,21942,3102,4200.0,2910.30754290415,0.4254000086802989,7347.682200022973,105.64848236259229,28.15367168575674,3.980160859047371,4200,5000,5200,5400,5700,5900,6200,6300,6800,7100,7300
GET,/Mesas,5531,772,4200.0,2884.0983164167583,0.4774999979417771,8161.43869998632,2048.347857530284,7.096798746418765,0.9905493820711059,4200,4900,5200,5300,5600,5900,6200,6300,6900,8200,8200
GET,/Pedidos/5925,16394,2261,4100.0,2847.017540813858,0.3451999800745398,7919.785000005504,310.3501280956447,21.035060323411543,2.901077918216024,4100,4900,5200,5300,5600,5900,6100,6300,6800,7400,7900
GET,/Productos,21921,6152,210.0,921.0912012042396,0.5062000127509236,7247.733899974264,539.5169016012044,28.126726689612322,7.893600775260937,210,330,450,590,4800,5300,5700,5900,6500,6800,7200
PUT,Abrir Mesa,21837,4870,1700.0,2830.186829188988,0.42139997822232544,21144.96489998419,128.4616934560608,28.018946705034637,6.248672915396743,1700,3100,5600,6100,6900,7700,8900,10000,15000,21000,21000
POST,Agregar Item,42109,19498,1300.0,2386.575142765263,0.5261999904178083,10716.306899994379,86.60861098577502,54.02984964978264,25.017787372567906,1300,2000,5300,5800,6400,6900,7300,7600,8700,9400,11000
PUT,Cerrar Mesa,16755,6915,2300.0,3332.18165698009,0.514600018505007,20191.089799976908,35.39665771411519,21.498257638084688,8.872602301841576,2300,5600,6000,6200,6800,7400,8500,9600,15000,19000,20000
,Aggregated,146489,43570,1200.0,2490.323149305544,0.3451999800745398,21144.96489998419,256.7255698380083,187.95931143810134,55.904451524401665,1200,4300,5200,5500,6200,6700,7400,8000,12000,18000,21000
