Type,Name,Request Count,Failure Count,Median Response Time,Average Response Time,Min Response Time,Max Response Time,Average Content Size,Requests/s,Failures/s,50%,66%,75%,80%,90%,95%,98%,99%,99.9%,99.99%,100%
GET,/Categorias,22765,688,270.0,275.18836347461223,0.3384999872650951,2076.4617000095313,119.38036459477267,21.946378060421715,0.6632597454676099,270,310,340,360,410,460,540,630,1400,2000,2100
GET,/Mesas,5666,166,270.0,271.4568244263356,0.35170000046491623,1833.5632999951486,2181.229085774797,5.4622524968306365,0.16003069440061518,270,310,330,350,400,450,500,590,1400,1800,1800
GET,/Pedidos/5925,17167,526,270.0,273.58869796116744,0.338099998771213,1955.6001000019023,348.96953457214425,16.54968030587567,0.507085212377853,270,310,340,350,410,460,530,610,1400,1900,2000
GET,/Productos,22760,41,270.0,279.8405045166888,1.7533000063849613,2001.6342000017175,748.6948154657293,21.941557858783142,0.03952565343629652,270,310,340,360,410,460,520,600,1200,1700,2000
PUT,Abrir Mesa,22752,83,840.0,881.6045527337949,3.749100011191331,4541.747200011741,162.748417721519,21.933845536161424,0.08001534720030759,840,960,1000,1100,1300,1500,1800,2100,3400,4300,4500
POST,Agregar Item,56955,12874,680.0,688.4406355912809,2.179599992814474,3142.483000003267,107.01039417083662,54.90691686498216,12.411055178997108,680,760,820,860,960,1100,1200,1400,2200,2700,3100
PUT,Cerrar Mesa,22635,3971,660.0,684.7770413386387,5.178999999770895,3523.707699991064,48.048685663795005,21.821052817818824,3.828204141354475,660,750,810,860,1000,1100,1400,1600,2500,3100,3500
,Aggregated,170700,18349,510.0,548.5467840480217,0.338099998771213,4541.747200011741,287.0111482132396,164.56168394087356,17.689175973234263,510,670,750,800,950,1100,1300,1500,2400,3600,4500
