Type,Name,Request Count,Failure Count,Median Response Time,Average Response Time,Min Response Time,Max Response Time,Average Content Size,Requests/s,Failures/s,50%,66%,75%,80%,90%,95%,98%,99%,99.9%,99.99%,100%
GET,/Categorias,103593,6,6,8.661076477158838,2.1180000039748847,953.6815999890678,122.99965248617184,131.32582907357576,0.00760625693281838,6,8,9,9,11,15,32,54,210,840,950
GET,/Mesas,25880,2,7,9.267751800647549,2.93880001117941,952.030599990394,1545.894822256569,32.80832157022328,0.002535418977606127,7,8,9,10,12,16,32,53,180,880,950
GET,/Pedidos/5925,78005,2,7,9.332629160926901,2.850000004400499,943.8294999999925,359.9907698224473,98.88767867408296,0.002535418977606127,7,8,9,10,12,16,33,53,190,790,940
GET,/Productos,103592,0,8,9.561811429451184,2.862900000764057,969.3796999927144,754.0,131.32456136408695,0.0,8,9,10,11,13,17,31,52,160,420,970
PUT,Abrir Mesa,103592,13,11,20.9311886776776,5.675399996107444,8002.8079000039725,165.32461000849486,131.32456136408695,0.016480223354439823,11,13,14,15,19,25,61,110,2200,6700,8000
POST,Agregar Item,258701,4560,13,16.306973169387554,5.039999989094213,2035.2079000003869,105.17565452008303,327.9577124628413,5.780755268941969,13,15,16,17,20,25,51,84,270,1100,2000
PUT,Cerrar Mesa,103573,1241,13,18.79522501908167,5.250099988188595,8023.467999999411,59.55086750407925,131.3004748837997,1.5732274756046016,13,15,16,17,21,26,54,89,1000,5300,8000
,Aggregated,776936,5824,11,14.401710081254905,2.1180000039748847,8023.467999999411,269.57474618243975,984.9291393926969,7.383140062789042,11,13,14,15,18,23,45,74,420,3300,8000
