Type,Name,Request Count,Failure Count,Median Response Time,Average Response Time,Min Response Time,Max Response Time,Average Content Size,Requests/s,Failures/s,50%,66%,75%,80%,90%,95%,98%,99%,99.9%,99.99%,100%
GET,/Categorias,67293,4326,17,215.74050529619439,0.31030000536702573,2036.8690000032075,115.10151130132407,87.49032765318186,5.6244060664209465,17,210,330,430,750,910,1200,1300,1700,1900,2000
GET,/Mesas,16601,1052,18,224.1164650564031,0.3226999833714217,1818.745000025956,1432.2572736582133,21.58362577638792,1.367747383697373,18,230,350,460,770,930,1200,1400,1700,1800,1800
GET,/Pedidos/5925,49708,3150,18,217.17416995453902,0.3173000004608184,2041.145900002448,337.1867707411282,64.62736401979944,4.095441310500689,18,210,330,440,750,920,1200,1400,1700,1900,2000
GET,/Productos,67275,531,10,46.85150087104963,0.8602000016253442,1892.3731000104453,744.0802675585285,87.46692513140758,0.6903743923415447,10,13,15,17,36,250,680,900,1500,1800,1900
PUT,Abrir Mesa,67275,623,15,23.68312372498424,0.6281999812927097,2995.233499997994,163.81169825343738,87.46692513140758,0.8099872814101363,15,19,22,25,37,57,120,180,510,2100,3000
POST,Agregar Item,166401,4472,15,25.923131677051884,0.5613999965135008,2047.1763999958057,103.74538614551595,216.3446125424207,5.814226520812407,15,19,22,24,34,52,140,260,1100,1600,2000
PUT,Cerrar Mesa,66643,1306,15,28.06609013856874,0.5913999921176583,3017.4332999740727,59.09084224899839,86.6452365891103,1.6979829687345716,15,18,21,23,33,55,170,320,1300,2000,3000
,Aggregated,501196,15460,14,79.73514802271801,0.31030000536702573,3017.4332999740727,260.50301279339817,651.6250168437153,20.100165923917668,14,19,25,32,240,530,860,1000,1600,1800,3000
