Type,Name,Request Count,Failure Count,Median Response Time,Average Response Time,Min Response Time,Max Response Time,Average Content Size,Requests/s,Failures/s,50%,66%,75%,80%,90%,95%,98%,99%,99.9%,99.99%,100%
GET,/Categorias,20547,2460,3100.0,2324.473209441713,0.34279999090358615,6765.81830001669,108.30792816469558,26.70114429593904,3.196808048280043,3100,4000,4200,4400,4700,4900,5200,5400,5900,6400,6800
GET,/Mesas,5215,633,3000.0,2303.3886835281955,0.5182999884709716,6289.796600001864,2071.3238734419942,6.776973159260335,0.8225932904720598,3000,4000,4200,4400,4700,4900,5200,5400,5900,6300,6300
GET,/Pedidos/5925,15820,1865,3000.0,2301.1051001454366,0.34420000156387687,6449.84069999191,317.5600505689001,20.558334684467592,2.423596345545642,3000,3900,4200,4400,4700,4900,5100,5300,5900,6400,6400
GET,/Productos,20518,4763,220.0,716.2795587921491,0.38139999378472567,6123.269100004109,575.896773564675,26.663458347402408,6.189592168275547,220,340,460,570,3400,4200,4700,4900,5400,5900,6100
PUT,Abrir Mesa,20467,4161,1600.0,2405.9834061416577,0.5240000027697533,24499.48790000053,131.7323496359994,26.5971830585966,5.407283857273682,1600,2500,4100,4800,5800,6600,7800,9200,16000,21000,24000
POST,Agregar Item,40197,17677,1400.0,2114.3892360351365,0.4306999908294529,13228.27920000418,90.60905042664875,52.23662321817597,22.97153490627899,1400,2000,4100,4700,5400,5900,6400,6700,7800,9800,13000
PUT,Cerrar Mesa,16121,6446,2100.0,2853.332136809145,0.5570000212173909,21043.98369998671,36.17337634141803,20.949488839968524,8.376676698867136,2100,4500,5000,5200,5800,6500,7500,8600,14000,20000,21000
,Aggregated,138885,38005,1200.0,2096.030266497448,0.34279999090358615,24499.48790000053,264.8877560571696,180.48320560381046,49.3880853149931,1200,3100,4100,4400,5100,5700,6400,7000,11000,18000,24000
