Type,Name,Request Count,Failure Count,Median Response Time,Average Response Time,Min Response Time,Max Response Time,Average Content Size,Requests/s,Failures/s,50%,66%,75%,80%,90%,95%,98%,99%,99.9%,99.99%,100%
GET,/Categorias,28861,4,6,6.670599313940259,2.486400000634603,217.7994000085164,122.9991684279824,39.05602733657304,0.005412983241962931,6,7,7,8,9,10,12,15,120,180,220
GET,/Mesas,7191,3,7,7.324576679112117,3.016100003151223,195.44860000314657,1339.658044778195,9.73119062323886,0.004059737431472198,7,7,8,8,9,11,14,18,130,200,200
GET,/Pedidos/5925,21849,3,7,7.402300572115873,2.8430999955162406,216.43869999388698,359.9505698201291,29.56706771341202,0.004059737431472198,7,8,8,9,10,11,13,17,110,140,220
GET,/Productos,28861,0,7,7.454048920743601,2.8184999973746017,219.72009999444708,754.0,39.05602733657304,0.0,7,8,8,9,10,11,13,15,130,150,220
PUT,Abrir Mesa,28861,0,10,11.169266726733872,5.969400008325465,199.11300000967458,165.33973181802432,39.05602733657304,0.0,10,11,12,12,14,15,18,21,140,150,200
POST,Agregar Item,72397,521,10,10.490680409424971,4.924200009554625,201.9882000022335,104.94966642264183,97.97093694209758,0.7050410672656717,10,11,11,12,13,14,17,20,130,150,200
PUT,Cerrar Mesa,28861,120,10,10.573977620365707,5.321799995726906,159.63239999837242,60.020338865597175,39.05602733657304,0.16238949725888793,10,11,12,12,13,15,17,20,130,160,160
,Aggregated,216881,651,9,9.263517475037503,2.486400000634603,219.72009999444708,262.4078273338836,293.4933046250406,0.880963022629467,9,10,11,11,13,14,16,19,130,150,220
