Type,Name,Request Count,Failure Count,Median Response Time,Average Response Time,Min Response Time,Max Response Time,Average Content Size,Requests/s,Failures/s,50%,66%,75%,80%,90%,95%,98%,99%,99.9%,99.99%,100%
GET,/Categorias,70224,4031,27,1099.1208992552677,0.3179000341333449,3903.1683999928646,115.94621496924128,89.01675513374899,5.109742252565251,27,2400,2700,2800,3000,3100,3200,3400,3800,3900,3900
GET,/Mesas,17532,1014,30,1113.8983876000786,0.33569999504834414,3891.866099962499,1490.6010723248917,22.223766105674517,1.2853581354753572,30,2400,2700,2800,3000,3100,3300,3400,3700,3900,3900
GET,/Pedidos/5925,52564,3060,27,1093.8790486130638,0.3200999926775694,3914.2191000282764,339.0426908150065,66.63073474667324,3.878891414748119,27,2400,2700,2800,3000,3100,3200,3400,3700,3900,3900
GET,/Productos,70145,630,11,145.54254660190276,0.59710000641644,3901.3098999857903,743.2639532397177,88.91661381944667,0.7985952912716716,11,13,16,19,50,510,2800,3000,3400,3800,3900
PUT,Abrir Mesa,70142,663,17,33.62861330453274,0.5898000090382993,4492.894300026819,163.78359613355764,88.91281098472633,0.8404264731954257,17,20,24,27,46,83,220,450,1200,2900,4500
POST,Agregar Item,173539,5428,16,54.21773382582437,0.9415000095032156,3862.206299963873,104.70278150732689,219.9800448444359,6.880595620670847,16,20,23,26,43,74,250,1100,3200,3700,3900
PUT,Cerrar Mesa,69414,1586,16,68.27100475984068,0.48449996393173933,3829.714999999851,58.89777278358832,87.98998975925684,2.010431955487097,16,19,22,25,43,84,500,2700,3200,3700,3800
,Aggregated,523560,16412,16,345.5724383692564,0.3179000341333449,4492.894300026819,263.54108411643364,663.6707153939625,20.804041143413766,16,21,29,45,2400,2800,3100,3200,3700,3800,4500
