Type,Name,Request Count,Failure Count,Median Response Time,Average Response Time,Min Response Time,Max Response Time,Average Content Size,Requests/s,Failures/s,50%,66%,75%,80%,90%,95%,98%,99%,99.9%,99.99%,100%
GET,/Categorias,43585,4,5,6.610734895028616,2.151400000002468,308.46399999973073,122.99944935184124,58.20732427100086,0.005341959322794618,5,6,7,8,10,13,16,19,120,260,310
GET,/Mesas,10889,3,6,7.1355818256937384,2.458499999193009,277.81680000043707,1315.3245477086969,14.542148766477649,0.004006469492095963,6,7,8,8,11,14,17,20,130,280,280
GET,/Pedidos/5925,32078,1,6,7.227742861152173,2.674200000910787,304.5383999997284,359.9887773551967,42.83984278915144,0.0013354898306986544,6,7,8,8,11,14,17,20,120,280,300
GET,/Productos,43584,0,6,7.326647242105277,2.584699999715667,170.358600000327,754.0,58.205988781170156,0.0,6,7,8,9,11,14,17,19,120,140,170
PUT,Abrir Mesa,43581,0,10,11.038300016059763,5.345700001271325,300.4039000006742,165.34602234918887,58.20198231167806,0.0,10,11,12,12,15,18,22,25,140,170,300
POST,Agregar Item,108687,802,10,10.83860219437343,4.392599999846425,331.4604999995936,104.9540423417704,145.15038322914467,1.071062844220321,10,11,12,12,15,17,21,25,140,170,330
PUT,Cerrar Mesa,43575,160,10,11.03164234079023,4.9789000004238915,295.06099999889557,60.05328743545611,58.19396937269387,0.2136783729117847,10,11,12,13,15,18,21,25,140,230,300
,Aggregated,325979,970,9,9.377240510890186,2.151400000002468,331.4604999995936,261.74527500237747,435.34163952131667,1.295425135777695,9,10,11,11,14,16,20,24,130,230,330
