Type,Name,Request Count,Failure Count,Median Response Time,Average Response Time,Min Response Time,Max Response Time,Average Content Size,Requests/s,Failures/s,50%,66%,75%,80%,90%,95%,98%,99%,99.9%,99.99%,100%
GET,/Categorias,117870,5,11,77.22505188597322,2.06130000151461,12414.920799994434,122.99974548231103,145.64597503899546,0.00617824616267903,11,17,22,27,51,150,410,1100,12000,12000,12000
GET,/Mesas,29396,2,12,81.13666274666107,2.6122999988729134,12413.893999997526,1800.5904204653693,36.32314483962255,0.002471298465071612,12,17,23,28,51,140,400,1200,12000,12000,12000
GET,/Pedidos/5925,88077,4,12,78.77863145201809,2.6240000006509945,12415.992799993546,359.98365066930074,108.83227745405618,0.004942596930143224,12,17,23,28,51,140,390,1100,12000,12000,12000
GET,/Productos,117869,0,13,75.52991838142744,2.5858000008156523,12412.814399998751,754.0,145.64473938976292,0.0,13,18,22,26,48,150,320,1100,8900,12000,12000
PUT,Abrir Mesa,117834,142,19,279.7936711806352,5.128199998580385,30478.705100002117,166.14115620279375,145.60149166662416,0.17546219102008445,19,29,39,48,100,280,2900,13000,20000,25000,30000
POST,Agregar Item,294668,19439,20,91.79715846647582,4.358199999842327,16110.744300000079,107.27526572277954,364.10628805286086,24.019785431263532,20,28,37,45,89,200,610,910,13000,16000,16000
PUT,Cerrar Mesa,117677,7855,20,101.06068503531066,4.879899999650661,30361.871599998267,57.18056204695905,145.40749473711605,9.706024721568756,20,28,38,46,90,200,550,1100,14000,30000,30000
,Aggregated,883391,27447,17,112.34011038124616,2.06130000151461,30478.705100002117,278.38651740848616,1091.5614111790383,33.91486448541027,17,24,31,38,75,190,620,1300,14000,23000,30000
