Type,Name,Request Count,Failure Count,Median Response Time,Average Response Time,Min Response Time,Max Response Time,Average Content Size,Requests/s,Failures/s,50%,66%,75%,80%,90%,95%,98%,99%,99.9%,99.99%,100%
GET,/Categorias,16689,775,120.0,190.05438467254766,0.35220012068748474,2344.4916997104883,117.30217508538558,22.57998921469328,1.0485644221575465,120,200,270,310,460,630,840,1000,1700,2100,2300
GET,/Mesas,4332,188,110.0,185.14510163887286,0.3717998042702675,2263.96459992975,2069.678670360111,5.8611368732728915,0.2543614340201532,110,190,250,300,450,610,860,980,1500,2300,2300
GET,/Pedidos/5925,12456,578,110.0,183.23263366641322,0.36190031096339226,2151.2627000920475,343.29479768786126,16.85279799018632,0.782026110976854,110,190,250,300,460,610,840,1000,1500,2100,2200
GET,/Productos,16679,535,110.0,173.24624080744735,0.6021000444889069,2650.139299686998,725.9428023262785,22.56645935118157,0.7238476978764998,110,180,240,280,420,570,770,950,1600,2100,2700
PUT,Abrir Mesa,16644,586,850.0,1047.5342449939665,0.4261997528374195,14857.51000000164,159.52517423696227,22.519104828890583,0.7928500017862222,850,1200,1500,1600,2200,2800,3700,4400,7300,14000,15000
POST,Agregar Item,40004,7265,600.0,686.9465602963913,0.7621999830007553,5036.174100358039,106.13241175882412,54.12486599224579,9.829445841257517,600,840,990,1100,1400,1700,2000,2300,3100,4200,5000
PUT,Cerrar Mesa,16008,2772,530.0,736.7620139218076,0.700599979609251,14426.200999878347,49.83876811594203,21.65860550954581,3.7504781654460886,530,800,990,1100,1600,2100,2900,3600,6300,11000,14000
,Aggregated,122812,12699,310.0,536.2313327045639,0.35220012068748474,14857.51000000164,285.0394179721851,166.16295976001626,17.18157367352088,310,580,780,920,1300,1700,2300,2800,5000,9200,15000
