Type,Name,Request Count,Failure Count,Median Response Time,Average Response Time,Min Response Time,Max Response Time,Average Content Size,Requests/s,Failures/s,50%,66%,75%,80%,90%,95%,98%,99%,99.9%,99.99%,100%
GET,/Categorias,33843,6490,6400.0,5699.805003075897,0.363900006050244,37146.61039999919,99.67875188369825,30.86789137299603,5.919469757726686,6400,7300,7900,8400,12000,19000,21000,22000,27000,34000,37000
GET,/Mesas,8325,1649,6500.0,5879.345696276231,0.6083000043872744,34213.61109999998,1980.9036636636636,7.593156507407499,1.5040378475333291,6500,7300,7900,8600,13000,21000,21000,22000,27000,34000,34000
GET,/Pedidos/5925,25461,4922,6500.0,5784.846036408537,0.3961000038543716,34211.582699994324,290.4065040650407,23.222745685898175,4.48931127080597,6500,7300,7900,8600,13000,20000,21000,22000,26000,34000,34000
GET,/Productos,33792,11168,410.0,2137.8408285007763,0.4751999949803576,34209.18150000216,502.3229166666667,30.82137473853624,10.186230855823055,410,560,800,5900,7300,9100,16000,21000,25000,34000,34000
PUT,Abrir Mesa,33675,9640,1700.0,4023.564096540433,0.4351999959908426,34223.46059999836,117.29683741648107,30.71466010654024,8.792556003772766,1700,6000,7800,8200,9300,12000,19000,21000,26000,34000,34000
POST,Agregar Item,59699,32833,1400.0,3789.506475574092,0.45510000200010836,34205.827900004806,82.45421196334947,54.450912953239666,29.946679592517764,1400,6200,7500,7900,8800,11000,19000,21000,26000,34000,34000
PUT,Cerrar Mesa,23660,10148,6700.0,5304.272885025255,0.5247000080998987,34218.68109999923,33.85,21.580070025857225,9.255898166627182,6700,7600,8000,8300,9900,14000,21000,22000,26000,34000,34000
,Aggregated,218455,76850,1500.0,4342.296126645287,0.363900006050244,37146.61039999919,246.76149779130714,199.2508113904751,70.09418349480676,1500,6900,7600,8000,9600,14000,21000,22000,26000,34000,37000
