Type,Name,Request Count,Failure Count,Median Response Time,Average Response Time,Min Response Time,Max Response Time,Average Content Size,Requests/s,Failures/s,50%,66%,75%,80%,90%,95%,98%,99%,99.9%,99.99%,100%
GET,/Categorias,14328,856,8,9.625349497541006,0.3578999894671142,1249.700699991081,115.65159128978225,19.674614216416543,1.175423629903166,8,10,11,12,16,20,26,32,130,1200,1200
GET,/Mesas,3537,226,8,10.067184648089082,0.3755000070668757,1248.8275000068825,994.7495052304213,4.856861424027451,0.3103338088295742,8,10,12,13,17,21,25,31,130,1200,1200
GET,/Pedidos/5925,10613,677,9,10.976007820505464,0.34989998675882816,1278.6381999903824,337.0357109205691,14.573330588974649,0.9296282680425739,9,11,12,13,17,21,26,32,270,1300,1300
GET,/Productos,14328,0,6,7.442536111161789,2.8769999917130917,169.47740002069622,750.0,19.674614216416543,0.0,6,7,8,9,11,14,19,23,76,160,170
PUT,Abrir Mesa,14328,0,9,10.123614105196909,5.036799993831664,168.511199997738,165.3532942490229,19.674614216416543,0.0,9,10,11,11,13,16,20,25,160,170,170
POST,Agregar Item,35754,153,9,9.340529484794605,4.415100003825501,144.18970001861453,103.8466185601611,49.09590708359555,0.21009324226072942,9,9,10,11,12,14,17,23,97,140,140
PUT,Cerrar Mesa,14328,21,9,9.401770819438001,4.433199996128678,162.46350001893006,60.18858179787828,19.674614216416543,0.028836327369119723,9,9,10,11,12,14,18,23,130,150,160
,Aggregated,107216,1933,8,9.423646419380733,0.34989998675882816,1278.6381999903824,246.63241493806893,147.22455596226382,2.654315276405163,8,9,10,11,13,16,21,26,130,270,1300
