Type,Name,Request Count,Failure Count,Median Response Time,Average Response Time,Min Response Time,Max Response Time,Average Content Size,Requests/s,Failures/s,50%,66%,75%,80%,90%,95%,98%,99%,99.9%,99.99%,100%
GET,/Categorias,13190,4458,11000.0,7604.07773679253,0.4149999003857374,28327.34000007622,113.94677786201667,17.709601672872317,5.985549981627353,11000,11000,12000,12000,13000,13000,14000,15000,19000,27000,28000
GET,/Mesas,3207,1130,11000.0,7650.195896538179,0.4339000442996621,27437.00319994241,1595.4212659806674,4.305890262691548,1.5171986270163547,11000,11000,12000,12000,13000,14000,15000,17000,20000,27000,27000
GET,/Pedidos/5925,10050,3565,11000.0,7853.88391880608,0.5631999811157584,28913.65030000452,232.29850746268656,13.49366920487997,4.786560270188765,11000,12000,12000,12000,13000,14000,15000,16000,19000,27000,29000
GET,/Productos,13115,4826,860.0,4247.4358945865415,0.839599990285933,18318.650299916044,501.96797560045746,17.608902648955304,6.479646525646839,860,3500,11000,11000,12000,13000,13000,14000,16000,18000,18000
PUT,Abrir Mesa,12977,7005,4500.0,7058.6913165294345,0.5339999916031957,50326.96219999343,75.6356630962472,17.423616444947996,9.405288833849172,4500,11000,13000,13000,15000,17000,21000,24000,35000,42000,50000
POST,Agregar Item,14830,8250,2400.0,5182.085970850435,0.6448000203818083,30402.70109998528,95.96149696561025,19.911553662524373,11.076892630871617,2400,5400,12000,12000,13000,14000,16000,16000,20000,26000,30000
PUT,Cerrar Mesa,5803,2998,11000.0,8346.46986508666,0.8752000285312533,42656.624499941245,28.650008616232984,7.791419143872484,4.025275649376134,11000,13000,13000,14000,15000,17000,19000,22000,33000,43000,43000
,Aggregated,73172,32232,4500.0,6510.060617714466,0.4149999003857374,50326.96219999343,247.47544142568196,98.24465304074398,43.27641251857624,4500,11000,12000,12000,13000,15000,17000,18000,28000,38000,50000
