Type,Name,Request Count,Failure Count,Median Response Time,Average Response Time,Min Response Time,Max Response Time,Average Content Size,Requests/s,Failures/s,50%,66%,75%,80%,90%,95%,98%,99%,99.9%,99.99%,100%
GET,/Categorias,122,1,10,11.798108196492903,1.5993999841157347,130.66590001108125,121.99180327868852,1.9982581937992903,0.016379165522945004,10,13,15,16,18,21,30,38,130,130,130
GET,/Mesas,30,1,10,14.93587666482199,4.645800014259294,150.64899998833425,693.7666666666667,0.4913749656883501,0.016379165522945004,11,13,14,15,19,19,150,150,150,150,150
GET,/Pedidos/296,100,8,8,10.706887999840546,1.0338999854866415,42.03780001262203,324.76,1.6379165522945003,0.13103332418356003,8,14,15,16,19,20,29,42,42,42,42
GET,/Productos,122,0,6,7.425890983555649,3.860500000882894,31.480800011195242,750.0,1.9982581937992903,0.0,6,7,8,8,11,13,21,26,31,31,31
PUT,Abrir Mesa,122,0,8,9.371449180867248,6.018200016114861,48.450799979036674,162.3360655737705,1.9982581937992903,0.0,8,9,10,10,11,14,21,31,48,48,48
POST,Agregar Item,314,0,8,8.9239178344594,5.467400013003498,60.599699994781986,97.8375796178344,5.143057974204731,0.0,8,9,10,10,12,14,20,29,61,61,61
PUT,Cerrar Mesa,122,0,7,8.417924590071006,5.9421000187285244,17.77939999010414,57.26229508196721,1.9982581937992903,0.0,7,8,9,10,12,14,16,17,18,18,18
,Aggregated,932,10,8,9.481230472070125,1.0338999854866415,150.64899998833425,233.03004291845494,15.265382267384743,0.16379165522945002,8,9,10,11,15,18,22,31,150,150,150
