Type,Name,Request Count,Failure Count,Median Response Time,Average Response Time,Min Response Time,Max Response Time,Average Content Size,Requests/s,Failures/s,50%,66%,75%,80%,90%,95%,98%,99%,99.9%,99.99%,100%
GET,/Categorias,119795,4,25,146.2001915830932,2.4868000036804006,13863.168100011535,122.99979965774865,146.36198259428656,0.00488708151740178,25,37,51,70,230,420,1500,3100,7900,11000,14000
GET,/Mesas,29719,1,26,149.59703074469056,3.0184999923221767,13863.718699998572,1974.160705272721,36.309793903915875,0.001221770379350445,26,39,53,73,230,420,1500,3000,9100,14000,14000
GET,/Pedidos/5925,89676,4,26,142.94048592933675,3.0793999903835356,13897.109600002295,359.98394219189083,109.5634805386305,0.00488708151740178,26,38,52,71,240,430,1400,2800,8100,12000,14000
GET,/Productos,119699,0,23,130.64427431810523,2.8319000120973215,13896.75129999523,754.0,146.2446926378689,0.0,23,33,44,63,210,370,1000,2800,9100,14000,14000
PUT,Abrir Mesa,119278,366,42,447.2221675003007,5.872000008821487,32769.41189999343,164.83740505374,145.73032730816237,0.44716795884226285,42,61,84,120,370,1300,6800,12000,22000,31000,33000
POST,Agregar Item,297490,34957,39,149.43641455073455,5.043400000431575,28534.66400000616,107.59492083767522,363.4644701529639,42.7094271509535,39,57,77,100,280,630,1100,1400,12000,18000,29000
PUT,Cerrar Mesa,118835,15135,39,173.14795640003874,5.087599987746216,30677.40230000345,52.597441831110366,145.1890830301101,18.491494691468983,39,56,75,100,240,510,1100,2100,19000,31000,31000
,Aggregated,894492,50467,33,188.7013949524368,2.4868000036804006,32769.41189999343,283.80367292273155,1092.8638301659382,61.659085734678904,33,50,69,93,260,580,1300,3300,15000,30000,33000
