Type,Name,Request Count,Failure Count,Median Response Time,Average Response Time,Min Response Time,Max Response Time,Average Content Size,Requests/s,Failures/s,50%,66%,75%,80%,90%,95%,98%,99%,99.9%,99.99%,100%
GET,/Categorias,14307,0,6,8.393252785353566,2.333700002054684,1059.8047000021324,123.0,19.636960416342898,0.0,6,7,8,9,14,20,29,45,170,1100,1100
GET,/Mesas,3533,0,6,9.529190150011486,2.586000002338551,1050.2512999955798,1099.1661477497878,4.849191385401514,0.0,6,7,8,9,14,21,38,61,220,1100,1100
GET,/Pedidos/5925,10513,0,6,9.654457357540041,2.7120000013383105,1058.9591000025393,360.0,14.429535532048149,0.0,6,8,9,10,15,21,34,47,220,1100,1100
GET,/Productos,14306,0,6,8.551539535866285,2.5614999976824038,233.7342000028002,754.0,19.635587874201544,0.0,6,7,8,9,14,19,27,39,130,160,230
PUT,Abrir Mesa,14306,0,10,12.502248133604862,5.480200001329649,246.92340000183322,166.34475045435482,19.635587874201544,0.0,10,11,12,13,18,24,33,46,170,240,250
POST,Agregar Item,35726,235,9,10.9315751105607,4.684599996835459,265.4794999980368,105.88543357778649,49.03544054199108,0.32254740321804576,9,10,11,12,17,23,30,39,130,240,270
PUT,Cerrar Mesa,14300,42,9,11.096142251777705,4.720800003269687,261.91020000260323,61.08832167832168,19.627352621353424,0.05764676993684222,9,10,11,12,17,24,30,38,140,260,260
,Aggregated,106991,277,8,10.33412137095299,2.333700002054684,1059.8047000021324,254.70061033171015,146.84965624554013,0.38019417315488796,8,9,10,11,16,22,30,42,150,270,1100
