Type,Name,Request Count,Failure Count,Median Response Time,Average Response Time,Min Response Time,Max Response Time,Average Content Size,Requests/s,Failures/s,50%,66%,75%,80%,90%,95%,98%,99%,99.9%,99.99%,100%
GET,/Categorias,73419,1,6,7.303911153787267,2.162599999792292,289.8384999989503,122.99991827728518,95.46205080009955,0.0013002363257480973,6,7,8,8,11,14,20,33,140,260,290
GET,/Mesas,18128,0,6,7.673081332744869,2.6254000003973488,288.7026999997033,1409.8598300970873,23.570684113161505,0.0,6,7,8,9,11,14,20,31,150,270,290
GET,/Pedidos/5925,55041,6,6,7.987318651553896,2.539499999329564,321.23700000011013,359.96075652695265,71.56630760550102,0.007801417954488583,6,7,8,9,12,15,21,35,140,280,320
GET,/Productos,73418,0,7,8.174850046310825,2.634599999510101,286.80589999930817,754.0,95.4607505637738,0.0,7,8,9,10,12,16,21,31,150,250,290
PUT,Abrir Mesa,73418,0,10,12.486529637142569,5.125499999849126,1044.8876999998902,166.34118336102864,95.4607505637738,0.0,10,11,12,13,17,21,32,49,230,840,1000
POST,Agregar Item,183366,1883,11,12.992208892598454,4.506500001298264,1110.4950000008103,105.98074888474417,238.4191341071256,2.448345001383667,11,12,14,14,17,21,31,45,200,360,1100
PUT,Cerrar Mesa,73411,463,11,13.201852042606832,5.114200001116842,1140.2630000011413,60.885493999536855,95.45164890949357,0.602009418821369,11,13,14,15,17,21,30,44,190,970,1100
,Aggregated,550201,2353,9,10.874900603597132,2.162599999792292,1140.2630000011413,265.12785327543935,715.3913266629288,3.0594560744852726,9,11,12,13,16,19,27,41,180,350,1100
