Type,Name,Request Count,Failure Count,Median Response Time,Average Response Time,Min Response Time,Max Response Time,Average Content Size,Requests/s,Failures/s,50%,66%,75%,80%,90%,95%,98%,99%,99.9%,99.99%,100%
GET,/Categorias,22220,3163,5300.0,3636.2453427182345,0.32389999250881374,9425.56129998411,105.51210621062106,28.143214573504046,4.006165062825981,5300,6400,6700,6800,7200,7500,7700,7900,8700,9100,9400
GET,/Mesas,5582,810,5200.0,3623.1439711393878,0.3677000058814883,9554.828400025144,2033.2355786456467,7.070001068825364,1.0259227634805705,5300,6400,6700,6800,7200,7500,7800,7900,8700,9600,9600
GET,/Pedidos/5925,16845,2360,5100.0,3580.857047414673,0.3181000065524131,9981.324499996845,309.56366874443455,21.33539376645705,2.9891082985359834,5100,6400,6600,6800,7100,7400,7700,7900,8700,9400,10000
GET,/Productos,22193,6176,210.0,1115.6711676564898,0.4923000233247876,8823.80959999864,541.2855404857387,28.109017148054694,7.822344428711116,210,330,460,610,6200,6800,7300,7500,8200,8600,8800
PUT,Abrir Mesa,22100,4951,1700.0,3167.0990119230983,0.3797000099439174,20086.993400007486,128.3064705882353,27.99122601595137,6.27079457036087,1700,2900,6700,7400,8300,9000,10000,11000,16000,20000,20000
POST,Agregar Item,42630,19920,1300.0,2798.328713058872,0.4636000085156411,12288.345000008121,86.37149894440535,53.99393507058855,25.2301005537444,1300,2000,6600,7200,7900,8400,8900,9200,10000,12000,12000
PUT,Cerrar Mesa,16884,7012,2300.0,3973.9577747216863,0.5601000157184899,23257.3129000084,35.24247808576167,21.38479004766167,8.8811980463281,2300,7000,7400,7700,8300,8900,10000,11000,15000,20000,23000
,Aggregated,148454,44392,1300.0,2980.609027841625,0.3181000065524131,23257.3129000084,256.2003987767255,188.02757769104275,56.22563372398702,1300,5300,6600,6900,7600,8200,8900,9500,13000,18000,23000
