Type,Name,Request Count,Failure Count,Median Response Time,Average Response Time,Min Response Time,Max Response Time,Average Content Size,Requests/s,Failures/s,50%,66%,75%,80%,90%,95%,98%,99%,99.9%,99.99%,100%
GET,/Categorias,126730,0,26,44.312336143048825,3.3423999848309904,1127.139399992302,123.0,156.61127587506235,0.0,26,37,50,62,100,140,170,200,770,990,1100
GET,/Mesas,31680,2,27,45.27396258208774,4.824900010135025,1043.3005999948364,1887.7398674242424,39.14972950147538,0.00247157383216385,27,38,51,63,100,140,170,200,790,1000,1000
GET,/Pedidos/5925,95702,2,27,45.50836018582344,4.818999994313344,1127.1560000022873,359.9924766462561,118.26727944287238,0.00247157383216385,27,38,51,63,100,140,170,200,820,990,1100
GET,/Productos,126699,0,28,45.7693556784436,4.122200014535338,1111.215999990236,754.0,156.5729664806638,0.0,28,40,54,66,100,140,170,190,830,1000,1100
PUT,Abrir Mesa,126664,42,39,74.10847290236254,8.12370001222007,9669.34679998667,166.28632444893577,156.52971393860093,0.051903050475440846,39,56,74,88,130,170,230,580,3500,6000,9700
POST,Agregar Item,316843,17123,39,60.28522296534552,5.82419999409467,3071.2935000192374,107.00599034853224,391.5504338521453,21.1603793640708,39,55,71,84,120,160,190,250,1100,3000,3100
PUT,Cerrar Mesa,126542,6675,39,68.34540928391114,6.890799995744601,8407.06689999206,58.04004204137757,156.37894793483895,8.248877664846848,39,55,72,85,130,160,200,310,3300,6700,8400
,Aggregated,950860,23844,34,57.14883943896383,3.3423999848309904,9669.34679998667,281.51939086721495,1175.060347025659,29.466103227057417,34,49,64,77,120,150,190,250,1200,5300,9700
