Type,Name,Request Count,Failure Count,Median Response Time,Average Response Time,Min Response Time,Max Response Time,Average Content Size,Requests/s,Failures/s,50%,66%,75%,80%,90%,95%,98%,99%,99.9%,99.99%,100%
GET,/Categorias,80446,5499,130.0,1477.7537989820005,0.32970000756904483,6230.5680999998,114.59506998483455,99.44821959931207,6.7979235708005,130,1200,2900,4600,5000,5100,5100,5200,5300,5700,6200
GET,/Mesas,19946,1345,130.0,1482.265446981683,0.36290002753958106,6184.071599971503,1609.2651158126944,24.657462000943223,1.662703619335638,130,1200,2900,4600,5000,5100,5100,5200,5300,6100,6200
GET,/Pedidos/5925,60471,4112,140.0,1491.5111834829725,0.3310000174678862,5932.582799985539,335.52016669147196,74.7549074831564,5.083299094950292,140,1200,3000,4600,5000,5100,5100,5200,5300,5400,5900
GET,/Productos,80420,2672,15,225.21493272812398,0.5383000243455172,5571.168199996464,725.0808256652574,99.41607811670781,3.3031554430221743,15,29,46,62,320,960,4900,5100,5200,5300,5600
PUT,Abrir Mesa,80419,2561,22,114.67186151276886,0.5230000242590904,6704.715500003658,160.07526828237107,99.41484190583841,3.165936036519382,22,37,58,74,200,780,1100,1200,4000,5300,6700
POST,Agregar Item,194947,11548,21,109.48062099754522,0.3907000063918531,5425.73999997694,103.47744258695953,240.99560035585472,14.27576311976799,21,32,46,57,110,330,980,2100,5200,5300,5400
PUT,Cerrar Mesa,77828,3877,20,130.60962997525277,0.49210002180188894,5414.761300024111,57.2683096057974,96.2118195432372,4.792789540642579,20,31,46,58,120,460,1200,4200,5200,5300,5400
,Aggregated,594477,31614,23,500.40524312818206,0.32970000756904483,6704.715500003658,264.80443314039064,734.8989290050498,39.08157042503856,23,46,81,160,1300,4900,5100,5100,5200,5400,6700
