Type,Name,Request Count,Failure Count,Median Response Time,Average Response Time,Min Response Time,Max Response Time,Average Content Size,Requests/s,Failures/s,50%,66%,75%,80%,90%,95%,98%,99%,99.9%,99.99%,100%
GET,/Categorias,43650,6,5,5.815216467366354,1.9807999997283332,225.73220000049332,122.99917525773196,58.261435254113316,0.008008444708469184,5,6,7,7,9,11,14,16,27,35,230
GET,/Mesas,10990,0,5,6.233483339367163,2.422999998088926,213.92180000111694,1382.501728844404,14.668801224346057,0.0,5,6,7,8,9,11,14,17,30,49,210
GET,/Pedidos/5925,32872,3,6,6.471743976616732,2.4996000065584667,139.95689999865135,359.96714529082504,43.87559907613317,0.004004222354234592,6,7,7,8,10,12,15,17,28,37,140
GET,/Productos,43650,0,6,6.706801592195668,2.461000003677327,228.55909999634605,754.0,58.261435254113316,0.0,6,7,8,8,10,12,15,17,28,36,230
PUT,Abrir Mesa,43650,0,9,10.271879452469758,5.365700002585072,219.79660000215517,166.34320733104238,58.261435254113316,0.0,9,10,11,12,14,16,19,22,34,49,220
POST,Agregar Item,109183,917,9,10.134971983734136,4.519800000707619,222.3932999986573,105.96366650485882,145.7310031007985,1.2239572996110404,9,10,11,12,14,16,19,22,33,42,220
PUT,Cerrar Mesa,43650,189,10,10.314453990827054,4.961200000252575,222.25780000007944,61.00758304696449,58.261435254113316,0.2522660083167793,10,11,11,12,14,16,19,22,34,44,220
,Aggregated,327645,1115,8,8.646527000561147,1.9807999997283332,228.55909999634605,264.9234415297044,437.321144417731,1.4882359749905234,8,9,10,11,13,15,18,20,32,42,230
