Type,Name,Request Count,Failure Count,Median Response Time,Average Response Time,Min Response Time,Max Response Time,Average Content Size,Requests/s,Failures/s,50%,66%,75%,80%,90%,95%,98%,99%,99.9%,99.99%,100%
GET,/Categorias,14103,2,7,17.606253832504297,2.4121999995259102,627.058300000499,122.9991491172091,19.375619168991697,0.0027477301523068424,7,11,17,21,43,67,110,150,270,570,630
GET,/Mesas,3486,2,7,18.067284767629484,2.457999999023741,323.9728999978979,1192.8456683878371,4.789293655470826,0.0027477301523068424,7,11,17,22,46,70,110,140,270,320,320
GET,/Pedidos/5925,10461,1,7,19.405269744773406,2.6257999998051673,968.9008999994257,359.96558646400916,14.372002561640938,0.0013738650761534212,7,12,19,24,47,73,120,150,340,930,970
GET,/Productos,14103,0,7,17.62382178258435,2.7622999987215735,1297.3713999999745,754.0,19.375619168991697,0.0,7,12,17,22,40,64,100,130,270,1200,1300
PUT,Abrir Mesa,14103,0,11,22.047031652844645,5.778399998234818,610.9126999981527,166.34318939232787,19.375619168991697,0.0,11,16,22,27,46,71,110,160,280,610,610
POST,Agregar Item,35333,428,10,21.19532009735134,4.509700000198791,1681.6078000010748,106.01004726459684,48.542774735728834,0.5880142525936642,10,15,22,27,47,73,110,140,280,600,1700
PUT,Cerrar Mesa,14103,102,10,20.79932537047471,4.78829999701702,529.0114000017638,60.828830745231514,19.375619168991697,0.14013423776764897,10,14,21,26,46,71,110,140,260,530,530
,Aggregated,105692,535,9,20.020316163940613,2.4121999995259102,1681.6078000010748,257.7455152707868,145.20654762880739,0.7350178157420804,9,14,20,25,46,71,110,150,280,610,1700
