Type,Name,Request Count,Failure Count,Median Response Time,Average Response Time,Min Response Time,Max Response Time,Average Content Size,Requests/s,Failures/s,50%,66%,75%,80%,90%,95%,98%,99%,99.9%,99.99%,100%
GET,/Categorias,125271,6,34,107.34431335106817,2.7394000062486157,15015.20320000418,122.99971262303326,152.90648127879786,0.007323633464032275,34,49,60,70,120,230,600,2000,8900,14000,15000
GET,/Mesas,31390,2,36,111.72891571522258,3.3020999981090426,14475.52480000013,2033.2815227779547,38.314809072662186,0.002441211154677425,36,50,62,71,120,240,600,2200,8900,12000,14000
GET,/Pedidos/5925,94222,2,36,110.39483562226742,3.2343000057153404,15009.79150000785,359.9923584725436,115.00789870800817,0.002441211154677425,36,50,62,71,120,230,600,2100,9000,14000,15000
GET,/Productos,125256,6,31,113.6377560364224,3.0282000079751015,15012.252299988177,753.9694385897682,152.88817219513777,0.007323633464032275,31,41,50,58,100,200,580,2100,9800,14000,15000
PUT,Abrir Mesa,125225,456,56,349.41167629468725,6.119600002421066,30246.60060000315,165.7359233379916,152.85033342224028,0.5565961432664529,56,77,95,110,190,640,2700,11000,23000,27000,30000
POST,Agregar Item,312088,30264,54,119.38618939145272,4.856800005654804,28758.812799991574,108.00805862449053,380.9363534204841,36.940407192578796,54,74,89,100,150,280,600,880,12000,23000,29000
PUT,Cerrar Mesa,124677,13883,54,148.57516313110486,5.0672999932430685,31040.819499990903,54.44960979170176,152.18144156585865,16.945667230193347,54,74,89,100,150,290,780,1300,15000,31000,31000
,Aggregated,938129,44619,45,150.43529511049113,2.7394000062486157,31040.819499990903,286.57286364668397,1145.085489663189,54.46220025527602,45,63,79,91,140,280,770,1900,17000,26000,31000
