Type,Name,Request Count,Failure Count,Median Response Time,Average Response Time,Min Response Time,Max Response Time,Average Content Size,Requests/s,Failures/s,50%,66%,75%,80%,90%,95%,98%,99%,99.9%,99.99%,100%
GET,/Categorias,68262,3075,67,440.7971742694181,0.35900005605071783,3014.5447000395507,117.45921596202865,94.99783131775195,4.279369653717841,67,310,640,920,1700,1900,2100,2200,2900,3000,3000
GET,/Mesas,17211,802,68,442.68210182349617,0.3621999640017748,2969.1742999712005,1641.0538028005346,23.951945076467563,1.1161152722867342,68,320,660,910,1700,1900,2100,2300,2800,3000,3000
GET,/Pedidos/5925,51253,2357,70,447.8104558540353,0.35969994496554136,2989.8532999213785,343.4444812986557,71.32700255674813,3.280154235386325,70,330,660,940,1700,1900,2100,2200,2900,3000,3000
GET,/Productos,68259,1680,22,81.52334814129054,0.7251000497490168,2964.22999992501,731.5408957060607,94.99365632296782,2.337997079104381,22,39,56,69,130,290,770,1700,2400,2800,3000
PUT,Abrir Mesa,68259,1682,31,74.61102985393757,0.6855999818071723,2701.450999942608,160.28724417292958,94.99365632296782,2.3407804089604576,31,56,79,94,160,270,490,710,1400,2300,2700
POST,Agregar Item,166476,9289,29,71.8821447134808,0.5925999721512198,2954.1916999733075,102.26193565438862,231.6788105601077,12.927175516547974,29,51,71,84,140,230,460,760,2100,2700,3000
PUT,Cerrar Mesa,66566,3193,28,78.38815598493373,0.9984000353142619,2928.6773999920115,56.4272601628459,92.63756759979894,4.4435861152263625,28,50,72,86,150,260,570,980,2200,2700,2900
,Aggregated,506286,22078,32,174.80740545964747,0.35900005605071783,3014.5447000395507,267.67544431408334,704.58046975681,30.725178281230075,32,63,94,130,440,1200,1800,2000,2500,2900,3000
