Type,Name,Request Count,Failure Count,Median Response Time,Average Response Time,Min Response Time,Max Response Time,Average Content Size,Requests/s,Failures/s,50%,66%,75%,80%,90%,95%,98%,99%,99.9%,99.99%,100%
GET,/Categorias,21536,3018,2900.0,2156.3937027397,0.34940001205541193,6604.696599999443,105.76852711738485,27.9943351920086,3.923054588107446,2900,3600,3800,4000,4300,4500,4800,5000,5600,6400,6600
GET,/Mesas,5485,744,2900.0,2162.8199689879116,0.33459998667240143,6300.982900022063,2062.940747493163,7.12987223849216,0.967114848758098,2900,3600,3800,4000,4300,4500,4800,5000,5600,6300,6300
GET,/Pedidos/5925,16157,2310,2900.0,2137.1753121928105,0.4797999863512814,6098.905499995453,308.5300488952157,21.002250821753478,3.0027356191279653,2900,3500,3800,4000,4300,4500,4800,5000,5600,6100,6100
GET,/Productos,21510,6005,210.0,728.9989781311366,0.3816000244114548,5897.452799981693,540.6206415620642,27.960538167724042,7.805812724183304,210,330,460,610,3400,4000,4400,4600,5300,5800,5900
PUT,Abrir Mesa,21441,4734,1700.0,2429.643901324491,0.5203000036999583,17209.84120000503,128.826174152325,27.870846064815023,6.15365819088822,1700,3000,4400,4800,5600,6400,7500,8600,12000,16000,17000
POST,Agregar Item,41635,19160,1300.0,2003.4375609775182,0.44720000005327165,8584.574600012274,86.79567671430287,54.12073484952071,24.905807126619834,1300,2000,3900,4400,5100,5500,6000,6300,7200,7900,8600
PUT,Cerrar Mesa,16528,6842,2300.0,2723.1511439316187,0.6582000060006976,16250.415299989982,35.320062923523714,21.48450836058312,8.893816929036165,2300,4200,4600,4900,5500,6100,7200,8100,13000,15000,16000
,Aggregated,144292,42813,1300.0,2003.0884019717014,0.33459998667240143,17209.84120000503,257.57769661519694,187.56308569489713,55.65200002672103,1300,3100,3800,4100,4800,5400,6100,6700,9900,15000,17000
