Type,Name,Request Count,Failure Count,Median Response Time,Average Response Time,Min Response Time,Max Response Time,Average Content Size,Requests/s,Failures/s,50%,66%,75%,80%,90%,95%,98%,99%,99.9%,99.99%,100%
GET,/Categorias,20855,2859,630.0,637.1765384032659,0.367900007404387,3455.6283999991138,106.1660513066411,27.835682397349547,3.815977749893184,630,850,970,1000,1200,1400,1600,1800,2500,3100,3500
GET,/Mesas,5099,670,610.0,620.8641757403483,0.4979000077582896,2750.5644999910146,2054.719356736615,6.805760946731495,0.8942655097686021,610,830,950,1000,1200,1400,1600,1800,2300,2800,2800
GET,/Pedidos/5925,15632,2231,610.0,615.9661628007088,0.3983000060543418,2856.570500007365,308.6207778915046,20.86441559507879,2.9777706750653006,610,830,950,1000,1200,1400,1600,1800,2400,2800,2900
GET,/Productos,20845,5820,210.0,324.14273295755856,0.5315000016707927,3114.9140000052284,540.5972655313025,27.82233515093509,7.768097413213827,210,330,460,550,830,1000,1300,1500,2100,2900,3100
PUT,Abrir Mesa,20806,4656,1600.0,1645.4442933096889,0.38300000596791506,11862.309899996035,128.34667884264155,27.77028088991871,6.214477930571062,1600,2000,2300,2500,3300,4100,5300,6100,9500,11000,12000
POST,Agregar Item,40223,18967,1300.0,1234.2343915272847,0.5096000095363706,6489.748799998779,86.86472913507197,53.68662925286937,25.315722274300114,1300,1600,1800,2000,2400,2700,3100,3400,4400,5400,6500
PUT,Cerrar Mesa,16043,6567,1400.0,1462.3856866358183,0.4317999992053956,11225.019500008784,35.60063579131085,21.41298742271296,8.765136720373746,1400,1800,2000,2200,2800,3500,4500,5400,7800,11000,11000
,Aggregated,139503,41770,850.0,1004.8559452743265,0.367900007404387,11862.309899996035,254.61602259449617,186.19809165559596,55.75144827318584,850,1200,1500,1700,2200,2700,3500,4200,7100,10000,12000
