Type,Name,Request Count,Failure Count,Median Response Time,Average Response Time,Min Response Time,Max Response Time,Average Content Size,Requests/s,Failures/s,50%,66%,75%,80%,90%,95%,98%,99%,99.9%,99.99%,100%
GET,/Categorias,43561,1,6,6.271327205516074,2.3289999953703955,134.07480000751093,122.9998622621152,58.19440268048145,0.0013359289887854148,6,6,7,8,9,10,13,15,53,130,130
GET,/Mesas,10884,0,6,6.818432396133539,2.9172999929869547,128.64629999967292,1316.486585814039,14.540251113940455,0.0,6,7,8,8,9,11,13,16,83,130,130
GET,/Pedidos/5925,32864,2,6,7.072002069068183,2.777600006083958,218.63719999964815,359.97809152872446,43.90397028744387,0.0026718579775708295,6,7,8,8,10,11,14,17,110,170,220
GET,/Productos,43560,0,7,7.185557249771018,2.803199997288175,216.36329998727888,754.0,58.193066751492665,0.0,7,7,8,9,10,11,14,16,43,130,220
PUT,Abrir Mesa,43557,0,10,10.756628881675615,5.621700009214692,225.47640000993852,166.34568496452923,58.18905896452631,0.0,10,11,12,12,14,16,18,21,55,140,230
POST,Agregar Item,108979,713,10,10.498636102400013,4.97160000668373,224.9215999909211,105.9170023582525,145.5882052688457,0.9525173690040007,10,11,12,12,13,15,17,20,120,140,220
PUT,Cerrar Mesa,43552,162,10,10.60958388824181,5.140000008395873,148.65449999342673,61.04371785451874,58.18237931958238,0.2164204961832372,10,11,12,12,14,15,18,21,57,140,150
,Aggregated,326957,878,9,9.076239988439562,2.3289999953703955,225.47640000993852,262.44436118511,436.7913343863129,1.1729456521535941,9,10,11,11,13,14,17,19,62,140,230
