Type,Name,Request Count,Failure Count,Median Response Time,Average Response Time,Min Response Time,Max Response Time,Average Content Size,Requests/s,Failures/s,50%,66%,75%,80%,90%,95%,98%,99%,99.9%,99.99%,100%
GET,/Categorias,73525,6,6,6.516576976559014,2.172900000005029,286.59849999530707,122.99951037062223,95.61477044323098,0.007802633426173218,6,7,7,8,9,10,13,17,120,150,290
GET,/Mesas,18496,4,6,7.090049399840266,2.9673999961232767,281.19219999643974,1404.4211721453287,24.052917975083307,0.005201755617448812,6,7,8,8,10,11,13,17,120,280,280
GET,/Pedidos/5925,55416,0,6,7.258425799431168,2.553999991505407,283.0695000011474,360.0,72.06512232413584,0.0,6,7,8,8,10,11,14,18,120,280,280
GET,/Productos,73524,0,7,7.393274876232517,2.902299995184876,186.90929999866057,754.0,95.61347000432662,0.0,7,8,8,9,10,12,14,17,65,150,190
PUT,Abrir Mesa,73522,0,10,11.744049260057976,5.662300012772903,2013.643400001456,165.34475395119827,95.6108691265179,0.0,10,11,12,13,14,16,20,29,170,1500,2000
POST,Agregar Item,183308,1710,11,11.911036962373666,4.737100010970607,2030.9122999897227,104.96015449407554,238.3808546808267,2.223750526459367,11,12,13,13,15,17,21,27,160,200,2000
PUT,Cerrar Mesa,73512,446,11,12.208946067302348,5.2798000106122345,2052.103800000623,59.90811024050495,95.59786473747427,0.5799957513455426,11,12,13,14,15,17,21,27,160,1000,2100
,Aggregated,551303,2166,9,9.977132971340083,2.172900000005029,2052.103800000623,265.2027052274339,716.9358692915956,2.816750666848532,9,11,11,12,14,16,19,24,150,300,2100
