Type,Name,Request Count,Failure Count,Median Response Time,Average Response Time,Min Response Time,Max Response Time,Average Content Size,Requests/s,Failures/s,50%,66%,75%,80%,90%,95%,98%,99%,99.9%,99.99%,100%
GET,/Categorias,82001,5849,140.0,1388.8995844086971,0.3318999952170998,10091.976300027454,114.23659467567468,101.3520270807079,7.229277769723058,140,990,2300,4100,5000,5100,5200,5200,5400,9500,10000
GET,/Mesas,20240,1427,160.0,1408.431565607681,0.36199999158270657,9580.690100003267,1614.8311264822134,25.016341606974645,1.7637509621122935,160,1000,2400,4200,5000,5100,5200,5200,5400,7300,9600
GET,/Pedidos/5925,61221,4252,150.0,1391.3006973848583,0.32610000926069915,9626.393899990944,334.99681481844465,75.668253434812,5.255409313876294,150,990,2300,4100,5000,5100,5200,5200,5400,7400,9600
GET,/Productos,81970,3103,18,242.03961328905442,0.6491999956779182,9567.852500011213,721.6085153104794,101.3137115377328,3.835262253282724,18,37,56,80,530,980,4800,5100,5300,7300,9600
PUT,Abrir Mesa,81967,3377,25,138.3819630449503,0.5373999883886427,18092.66770002432,158.53237278416924,101.31000358196101,4.1739222137724,25,47,69,89,300,790,1100,1500,7300,13000,18000
POST,Agregar Item,196116,13313,23,119.1074776662955,0.47900000936351717,7374.515700008487,103.1724489587795,242.3964847131146,16.45467172992359,23,39,56,68,140,500,1000,1900,5200,7300,7400
PUT,Cerrar Mesa,78567,4574,22,145.7888949863975,0.5250000103842467,15518.062999995891,56.76530859012053,97.1076537072716,5.653396566714528,22,38,56,70,170,610,1300,4100,5200,14000,16000
,Aggregated,602082,35895,26,487.5921375696318,0.32610000926069915,18092.66770002432,264.74609438581456,744.1644756625745,44.36569080940489,26,56,100,230,1200,4800,5100,5100,5300,9300,18000
