Type,Name,Request Count,Failure Count,Median Response Time,Average Response Time,Min Response Time,Max Response Time,Average Content Size,Requests/s,Failures/s,50%,66%,75%,80%,90%,95%,98%,99%,99.9%,99.99%,100%
GET,/Categorias,67972,3888,21,698.3056148224177,0.3141000051982701,3257.958800008055,115.96611840169481,87.2154011952431,4.988723001340333,21,1100,1500,1600,2100,2400,2600,2700,3100,3200,3300
GET,/Mesas,17009,1040,21,688.2501658533171,0.3229000139981508,3240.3809999814257,1443.7962255276618,21.824380023096126,1.3344320785478259,21,1100,1500,1600,2100,2400,2600,2600,3000,3200,3200
GET,/Pedidos/5925,51252,2924,21,686.1075098338531,0.3233000170439482,3260.80460002413,339.4614844298759,65.76183931705113,3.751807113147926,21,1100,1500,1600,2100,2400,2600,2600,3000,3200,3300
GET,/Productos,67963,428,10,99.14748982973637,0.5156999686732888,3015.355499985162,745.2768418109854,87.2038532253326,0.5491701246331437,10,12,15,17,36,390,1800,2300,2600,2900,3000
PUT,Abrir Mesa,67960,508,15,27.52837368894301,0.7673000218346715,5062.562000006437,164.10809299587993,87.20000390202908,0.6518187460598995,15,19,22,24,34,61,190,290,1100,4000,5100
POST,Agregar Item,168896,4607,15,39.7744934859687,0.513700011651963,3227.9187999665737,104.75091180371352,216.71176955616693,5.911277486413302,15,19,21,24,33,55,210,820,2500,2900,3200
PUT,Cerrar Mesa,67438,1315,15,47.05214876626471,0.9503999608568847,5350.333399954252,59.09963225481183,86.5302216472195,1.6872867147022992,15,18,21,23,32,62,280,1400,2600,3200,5400
,Aggregated,508490,14710,15,221.9042718700785,0.3141000051982701,5350.333399954252,262.1873901158331,652.4474688661385,18.87451526484473,15,20,25,33,1100,1800,2300,2500,2800,3200,5400
