Type,Name,Request Count,Failure Count,Median Response Time,Average Response Time,Min Response Time,Max Response Time,Average Content Size,Requests/s,Failures/s,50%,66%,75%,80%,90%,95%,98%,99%,99.9%,99.99%,100%
GET,/Categorias,20300,2484,1900.0,1498.1493469945665,0.40089990943670273,4999.374200124294,107.98374384236453,26.738505966753998,3.2718447695279274,1900,2400,2600,2700,3000,3200,3400,3600,4100,4800,5000
GET,/Mesas,5136,629,1800.0,1453.229737906616,0.5125999450683594,4524.587300140411,2075.026285046729,6.7649737263669225,0.8284985346348899,1800,2400,2600,2700,3000,3200,3400,3600,4100,4500,4500
GET,/Pedidos/5925,15642,1992,1900.0,1480.4862315228334,0.37720007821917534,5363.429700024426,314.15420023014957,20.603138439998325,2.623798220974087,1900,2400,2600,2700,2900,3200,3400,3500,4100,5000,5400
GET,/Productos,20291,4862,220.0,530.5157489826324,0.42300019413232803,4768.185600172728,570.2897836479227,26.726651456719477,6.404069754204825,220,340,460,580,2100,2600,2900,3100,3700,4300,4800
PUT,Abrir Mesa,20229,4218,1700.0,2049.9043957417434,0.5465000867843628,21740.266799926758,130.86504523209254,26.64498705425944,5.555813702845732,1700,2600,3200,3600,4400,5200,6400,7600,13000,18000,22000
POST,Agregar Item,39744,17976,1400.0,1708.7028964713936,0.4282998852431774,7491.796200163662,89.69909923510467,52.34951631244684,23.677408042284227,1400,2000,2900,3300,3800,4200,4700,5000,6200,7300,7500
PUT,Cerrar Mesa,15864,6233,2100.0,2207.7574757826746,0.5268002860248089,15170.03870010376,36.58761976802824,20.89554968751652,8.20990678279693,2100,3100,3400,3700,4300,4900,6000,6900,11000,14000,15000
,Aggregated,137206,38394,1300.0,1575.7382979505398,0.37720007821917534,21740.266799926758,263.31101409559346,180.7233226440615,50.57133980726862,1300,2200,2700,2900,3600,4100,4800,5500,9400,14000,22000
