Type,Name,Request Count,Failure Count,Median Response Time,Average Response Time,Min Response Time,Max Response Time,Average Content Size,Requests/s,Failures/s,50%,66%,75%,80%,90%,95%,98%,99%,99.9%,99.99%,100%
GET,/Categorias,28371,3,8,18.693223598021746,2.297200000612065,377.98359999942477,122.99936554932854,38.36753593654007,0.0040570514895358015,8,14,21,27,48,69,100,130,240,330,380
GET,/Mesas,7229,1,8,19.70871244985697,2.7781999997387175,327.7371000003768,1360.0481394383733,9.77614173928477,0.0013523504965119338,8,15,22,29,50,71,110,130,210,330,330
GET,/Pedidos/5925,21325,2,8,19.6553464196875,2.6431000005686656,388.5426000015286,359.9662368112544,28.838874338116987,0.0027047009930238675,8,14,22,28,50,71,100,130,230,320,390
GET,/Productos,28369,0,9,18.863013655749043,2.614599998196354,333.13360000101966,754.0,38.36483123554705,0.0,9,14,21,27,47,67,99,130,190,320,330
PUT,Abrir Mesa,28367,0,12,23.78705867029777,5.4882000003999565,354.25430000032065,166.34095956569254,38.36212653455402,0.0,12,19,26,33,55,77,110,140,220,350,350
POST,Agregar Item,70814,1306,11,23.204978772563255,4.702599999291124,366.8340000003809,106.19493320529838,95.76534805999607,1.7661697484445855,11,18,26,33,56,77,110,130,210,340,370
PUT,Cerrar Mesa,28366,424,12,23.095025805549778,5.063799999334151,348.7304000009317,60.356306846224356,38.36077418405751,0.57339661052106,12,18,26,32,56,77,100,130,210,330,350
,Aggregated,212841,1736,11,21.613378944377374,2.297200000612065,388.5426000015286,264.6983334977753,287.8356320280965,2.347680461944717,11,17,24,31,53,74,100,130,220,330,390
