Type,Name,Request Count,Failure Count,Median Response Time,Average Response Time,Min Response Time,Max Response Time,Average Content Size,Requests/s,Failures/s,50%,66%,75%,80%,90%,95%,98%,99%,99.9%,99.99%,100%
GET,/Categorias,14310,1018,8,9.573665688368854,0.3113001585006714,201.1298001743853,114.28259958071278,19.652040422275928,1.3980277533107544,8,10,12,13,16,19,23,28,140,200,200
GET,/Mesas,3520,263,9,9.720953269094355,0.3220997750759125,200.4114999435842,1106.9193181818182,4.83404488374642,0.36118005807537173,9,11,12,13,16,18,22,26,150,200,200
GET,/Pedidos/5925,10735,703,9,9.922675860539933,0.32399967312812805,186.45069980993867,336.42477876106193,14.742463587220971,0.9654356685436742,9,11,12,13,16,19,23,27,130,150,190
GET,/Productos,14310,0,7,7.778841305386137,2.8643999248743057,143.4574997983873,750.0,19.652040422275928,0.0,7,8,9,9,12,14,19,22,50,140,140
PUT,Abrir Mesa,14310,0,9,10.41405168531175,5.060700234025717,139.23540012910962,165.33703703703705,19.652040422275928,0.0,9,10,11,12,14,16,19,23,130,140,140
POST,Agregar Item,35927,213,9,9.796035055615594,4.538199864327908,147.78420003131032,103.9098727976174,49.33884390294251,0.2925146477948828,9,10,11,11,13,15,18,21,130,140,150
PUT,Cerrar Mesa,14310,31,9,9.790519731129688,4.911600146442652,147.83139992505312,60.13878406708595,19.652040422275928,0.04257255437390313,9,10,11,11,13,15,17,20,130,140,150
,Aggregated,107422,2228,9,9.589484689943593,0.3113001585006714,201.1298001743853,249.81371599858502,147.5235140630136,3.059730682098586,9,10,11,12,14,16,20,23,130,160,200
