Type,Name,Request Count,Failure Count,Median Response Time,Average Response Time,Min Response Time,Max Response Time,Average Content Size,Requests/s,Failures/s,50%,66%,75%,80%,90%,95%,98%,99%,99.9%,99.99%,100%
GET,/Categorias,23127,1617,8,9.570402555419054,0.3200999926775694,208.4538000053726,114.40005188740433,19.66735608964937,1.3751076575847723,8,10,12,13,16,19,26,32,130,150,210
GET,/Mesas,5746,406,9,9.756220361890435,0.32640001154504716,159.13180001371074,1083.2189349112425,4.8864369823636995,0.345265126146826,9,11,12,13,16,19,26,31,130,160,160
GET,/Pedidos/5925,17394,1259,9,10.046159359465342,0.3133999998681247,290.2509999985341,333.9427388754743,14.791974394576085,1.0706620537410194,9,11,12,13,17,20,26,32,130,160,290
GET,/Productos,23124,0,7,7.86092098681626,3.071200000704266,215.32999999180902,750.0,19.664804869505428,0.0,7,8,9,9,11,15,20,24,50,130,220
PUT,Abrir Mesa,23124,0,9,10.29995312228218,4.801399991265498,145.86940000299364,163.34384189586578,19.664804869505428,0.0,9,11,11,12,14,16,20,25,130,140,150
POST,Agregar Item,57904,295,9,10.006075628666528,4.315300000598654,150.7225999957882,100.72523487151146,49.24195040494042,0.2508699808209696,9,10,11,11,13,15,19,24,130,140,150
PUT,Cerrar Mesa,23120,49,9,9.922874891927522,4.312899996875785,139.71599999058526,58.147318339100345,19.661403242646838,0.041669929017720375,9,10,11,12,13,15,18,23,47,140,140
,Aggregated,173539,3626,9,9.685993128919671,0.3133999998681247,290.2509999985341,247.64133134338678,147.57873085318727,3.0835747473113075,9,10,11,12,14,16,21,27,130,150,290
