Type,Name,Request Count,Failure Count,Median Response Time,Average Response Time,Min Response Time,Max Response Time,Average Content Size,Requests/s,Failures/s,50%,66%,75%,80%,90%,95%,98%,99%,99.9%,99.99%,100%
GET,/Categorias,66567,3905,19,238.39754659680523,0.3068000078201294,1922.474599967245,115.79327594754157,86.57574888590942,5.078767248027946,19,280,400,500,780,980,1200,1300,1500,1800,1900
GET,/Mesas,16381,1005,20,240.49141947989347,0.3074000123888254,1906.182600010652,1449.7630181307613,21.304810829691622,1.307083504294004,20,280,400,500,780,980,1200,1300,1500,1900,1900
GET,/Pedidos/5925,49968,2946,19,237.79044173256017,0.3200999926775694,1918.6377000296488,338.7752161383285,64.9874114851371,3.83151045139317,19,280,400,490,770,980,1200,1300,1500,1800,1900
GET,/Productos,66546,464,10,45.5798901662448,0.5033000488765538,1822.2718000179157,744.7705346677486,86.54843669328238,0.6034693989974307,10,12,15,18,38,240,650,900,1400,1500,1800
PUT,Abrir Mesa,66545,615,15,28.171034020518547,0.5600000149570405,6084.065199946053,163.81867908933805,86.54713611268109,0.7998570697918532,15,19,22,25,39,64,160,250,1800,5700,6100
POST,Agregar Item,165347,4425,15,27.146659627386832,0.7255000527948141,2262.150999973528,104.7882634701567,215.0471006810952,5.75506916069748,15,18,21,23,34,56,170,290,1100,1800,2300
PUT,Cerrar Mesa,65924,1289,14,31.456875838898977,0.8600999717600644,6199.4116000132635,59.09529154784297,85.73947555928152,1.676448395059673,14,18,20,23,33,60,230,440,1400,4200,6200
,Aggregated,497278,14649,14,86.79449897524593,0.3068000078201294,6199.4116000132635,261.56302108679654,646.7501202470784,19.052205228261556,14,19,25,33,300,580,920,1100,1400,3000,6200
