Type,Name,Request Count,Failure Count,Median Response Time,Average Response Time,Min Response Time,Max Response Time,Average Content Size,Requests/s,Failures/s,50%,66%,75%,80%,90%,95%,98%,99%,99.9%,99.99%,100%
GET,/Categorias,57795,2924,12,24.979947441808562,0.3279000229667872,932.6674999902025,116.78925512587594,76.18732740441455,3.854515880794327,12,16,20,23,39,82,190,300,580,770,930
GET,/Mesas,14382,691,13,25.365257780489102,0.33850001636892557,934.5137999916915,1468.287442636629,18.95883973925582,0.9108996147841587,13,17,21,24,39,77,180,290,610,900,930
GET,/Pedidos/5925,43593,2174,13,25.91707204609153,0.3189999843016267,923.5420000040904,342.04665886724933,57.46576976452363,2.865840466773894,13,17,21,25,41,83,190,300,590,780,920
GET,/Productos,57795,296,10,15.384610026823996,0.7846999797038734,779.1468999930657,746.15883726966,76.18732740441455,0.3901972300667308,10,13,15,17,24,34,65,140,320,540,780
PUT,Abrir Mesa,57795,402,17,23.669989729238083,0.7208999886643142,1201.0186999978032,164.1918159010295,76.18732740441455,0.529930021914952,17,21,26,29,41,55,92,170,320,840,1200
POST,Agregar Item,144031,3587,15,21.209821053829163,0.4298000130802393,1214.5451000251342,103.9434913317272,189.86654474236926,4.728504946788389,15,19,22,24,32,44,80,160,330,930,1200
PUT,Cerrar Mesa,57393,1043,14,20.287265065372,0.990999978967011,1215.574200003175,59.17516073388741,75.6573973824996,1.3749179424310818,14,18,20,22,29,40,75,170,370,1200,1200
,Aggregated,432784,11117,14,21.75381126498661,0.3189999843016267,1215.574200003175,262.85312303597175,570.510533841892,14.654806103553534,14,18,21,24,33,50,120,190,490,920,1200
