Type,Name,Request Count,Failure Count,Median Response Time,Average Response Time,Min Response Time,Max Response Time,Average Content Size,Requests/s,Failures/s,50%,66%,75%,80%,90%,95%,98%,99%,99.9%,99.99%,100%
GET,/Categorias,88685,4,6,6.767461632740293,2.3126000014599413,288.27069999533705,122.99972937926368,113.9001113106014,0.005137288664852067,6,7,7,8,9,11,15,21,130,270,290
GET,/Mesas,21967,3,6,7.3272913006210665,2.7932999946642667,260.96339999639895,1475.3985068511859,28.21270502520134,0.0038529664986390504,6,7,8,8,10,12,15,23,130,250,260
GET,/Pedidos/5925,66680,3,6,7.543809364174006,2.7645000081975013,288.5820999945281,359.98380323935214,85.63860204308396,0.0038529664986390504,6,7,8,9,10,12,16,23,140,280,290
GET,/Productos,88685,0,7,7.716663030958555,2.6886999985435978,267.1397999947658,754.0,113.9001113106014,0.0,7,8,9,9,11,13,16,22,130,180,270
PUT,Abrir Mesa,88684,6,10,12.244876080241578,5.571300003794022,2203.70310000726,165.3337580623337,113.89882698843519,0.007705932997278101,10,11,12,13,15,18,25,44,200,1000,2200
POST,Agregar Item,222356,2738,12,12.781372352909022,4.883999994490296,1993.038800006616,105.04675385417978,285.57673959046156,3.51647409109124,12,13,14,14,17,19,25,38,160,300,2000
PUT,Cerrar Mesa,88671,661,12,13.102347655894903,5.313999994541518,2129.903099994408,59.823380812215945,113.88213080027441,0.8489369518668041,12,13,14,15,17,19,25,38,170,320,2100
,Aggregated,665728,3415,10,10.572248880027956,2.3126000014599413,2203.70310000726,266.64847204864446,855.0092270686592,4.385960197617452,10,11,12,13,15,17,22,33,160,300,2200
