Type,Name,Request Count,Failure Count,Median Response Time,Average Response Time,Min Response Time,Max Response Time,Average Content Size,Requests/s,Failures/s,50%,66%,75%,80%,90%,95%,98%,99%,99.9%,99.99%,100%
GET,/Categorias,132,6,10,12.492148485211091,0.5371000152081251,188.28870001016185,117.4090909090909,1.9948736420279187,0.09067607463763266,10,12,13,14,20,28,39,49,190,190,190
GET,/Mesas,21,1,11,11.65106190906261,4.2409000161569566,31.40539999003522,686.4285714285714,0.31736626123171435,0.015112679106272111,11,12,16,16,16,29,31,31,31,31,31
GET,/Pedidos/296,98,10,12,17.084112243871775,0.39090000791475177,188.2876000017859,316.9795918367347,1.4810425524146669,0.15112679106272112,12,15,16,17,27,47,130,190,190,190,190
GET,/Productos,132,0,8,8.916207576641517,4.356699995696545,40.248499979497865,750.0,1.9948736420279187,0.0,8,9,10,11,13,16,23,23,40,40,40
PUT,Abrir Mesa,132,0,9,10.293741665946348,6.100400001741946,26.785399997606874,162.27272727272728,1.9948736420279187,0.0,9,11,12,12,15,17,23,25,27,27,27
POST,Agregar Item,334,0,8,9.374708682699492,5.267000000458211,52.092999976594,97.94311377245509,5.047634821494885,0.0,8,9,10,11,14,17,20,27,52,52,52
PUT,Cerrar Mesa,132,0,8,9.489397727355191,5.561400001170114,40.451299981214106,57.265151515151516,1.9948736420279187,0.0,8,9,10,11,13,19,21,29,40,40,40
,Aggregated,981,17,9,10.69046422027699,0.39090000791475177,188.28870001016185,225.96228338430174,14.825538203252941,0.25691554480662593,9,10,12,13,16,21,29,40,190,190,190
