Type,Name,Request Count,Failure Count,Median Response Time,Average Response Time,Min Response Time,Max Response Time,Average Content Size,Requests/s,Failures/s,50%,66%,75%,80%,90%,95%,98%,99%,99.9%,99.99%,100%
GET,/Categorias,14326,0,6,7.068589564508591,2.6378000038675964,1268.660000001546,123.0,19.67412110461488,0.0,6,7,7,8,9,11,13,17,83,1200,1300
GET,/Mesas,3696,0,7,7.724024675144195,3.00470000365749,1245.454099989729,1103.9788961038962,5.075774926892126,0.0,7,8,8,9,10,11,15,20,94,1200,1200
GET,/Pedidos/5925,10981,0,7,8.010493907551961,2.8999999922234565,1255.707500007702,360.0,15.08037999789027,0.0,7,8,8,9,10,12,15,19,150,1300,1300
GET,/Productos,14323,0,7,7.480818424799928,3.164399997331202,130.42260002112016,754.0,19.670001157433962,0.0,7,8,8,9,10,12,14,17,69,130,130
PUT,Abrir Mesa,14323,0,10,11.352640724803052,6.044699985068291,175.6898000021465,166.34189764714097,19.670001157433962,0.0,10,11,12,13,14,16,19,23,170,180,180
POST,Agregar Item,35778,149,9,9.841856023172705,4.961800004821271,134.93719999678433,105.87987031136453,49.1344900796392,0.2046240433189737,9,10,11,11,13,14,17,20,72,130,130
PUT,Cerrar Mesa,14322,21,9,9.796394742509067,5.077100009657443,136.1097999906633,61.18118977796397,19.66862784170699,0.028839630266432534,9,10,11,11,13,14,16,19,47,130,140
,Aggregated,107749,170,8,9.094779242483572,2.6378000038675964,1268.660000001546,256.5409238136781,147.9733962656114,0.23346367358540623,8,10,10,11,12,14,17,20,93,270,1300
